"행정구역별(1)",행정구역별(2),2020. 01,2020. 01,2020. 01,2020. 02,2020. 02,2020. 02,2020. 03,2020. 03,2020. 03,2020. 04,2020. 04,2020. 04,2020. 05,2020. 05,2020. 05,2020. 06,2020. 06,2020. 06,2020. 07,2020. 07,2020. 07,2020. 08,2020. 08,2020. 08
"행정구역별(1)",행정구역별(2),고령인구비율<br>(A÷B×100) (%),65세이상인구<br>(A) (명),전체인구<br>(B) (명),고령인구비율<br>(A÷B×100) (%),65세이상인구<br>(A) (명),전체인구<br>(B) (명),고령인구비율<br>(A÷B×100) (%),65세이상인구<br>(A) (명),전체인구<br>(B) (명),고령인구비율<br>(A÷B×100) (%),65세이상인구<br>(A) (명),전체인구<br>(B) (명),고령인구비율<br>(A÷B×100) (%),65세이상인구<br>(A) (명),전체인구<br>(B) (명),고령인구비율<br>(A÷B×100) (%),65세이상인구<br>(A) (명),전체인구<br>(B) (명),고령인구비율<br>(A÷B×100) (%),65세이상인구<br>(A) (명),전체인구<br>(B) (명),고령인구비율<br>(A÷B×100) (%),65세이상인구<br>(A) (명),전체인구<br>(B) (명)
"전국",소계,15.6,8075536,51847509,15.7,8122592,51844627,15.8,8193267,51843195,15.9,8229428,51842524,15.9,8265848,51841371,16.0,8293259,51839408,16.1,8323396,51839852,16.1,8359117,51839953
"서울특별시",소계,15.3,1488747,9733509,15.4,1497449,9736962,15.5,1510460,9733655,15.6,1516443,9726787,15.7,1522550,9724496,15.7,1527341,9720846,15.8,1532693,9715429,15.9,1539075,9708247
"서울특별시",종로구,18.2,27502,151215,18.3,27650,151309,18.4,27855,151217,18.5,27897,150936,18.5,27924,150623,18.6,27986,150383,18.7,28020,150183,18.7,28102,149962
"서울특별시",중구,18.3,23115,126201,18.4,23257,126259,18.6,23448,126175,18.7,23525,126126,18.7,23620,126120,18.8,23695,126092,18.8,23735,125970,18.9,23853,125990
"서울특별시",용산구,16.8,38598,229385,16.9,38743,229677,17.0,38947,229579,17.0,39017,229369,17.1,39123,229393,17.1,39165,229431,17.1,39318,229432,17.2,39407,229362
"서울특별시",성동구,14.7,44053,300410,14.8,44249,299797,14.9,44547,299042,15.0,44657,298249,15.0,44769,297820,15.1,44826,297397,15.1,44952,296896,15.2,45112,296183
"서울특별시",광진구,13.7,48003,351263,13.8,48271,351032,13.9,48721,350417,14.0,48919,350016,14.0,49052,349800,14.1,49196,349574,14.1,49407,349258,14.2,49599,348647
"서울특별시",동대문구,17.2,59479,346080,17.3,59740,346072,17.4,60157,346156,17.5,60360,345793,17.5,60554,345815,17.5,60616,345593,17.6,60794,345156,17.7,60998,344650
"서울특별시",중랑구,16.5,65554,396755,16.7,66000,396314,16.8,66649,395619,16.9,66939,395072,17.0,67282,394982,17.1,67525,394414,17.2,67804,394293,17.2,68188,395788
"서울특별시",성북구,16.1,71116,442471,16.1,71439,442483,16.3,71997,442494,16.3,72248,442174,16.4,72510,442148,16.4,72651,441812,16.5,72805,441188,16.6,73005,440395
"서울특별시",강북구,19.4,60786,313705,19.5,61054,313289,19.7,61537,312985,19.8,61794,312691,19.9,61994,312270,20.0,62218,311773,20.1,62433,311198,20.2,62636,310555
"서울특별시",도봉구,17.8,59066,332753,17.9,59408,332083,18.1,59968,331238,18.2,60271,330707,18.3,60530,330149,18.4,60732,329560,18.5,60883,328822,18.6,61132,328014
"서울특별시",노원구,15.3,81410,532662,15.4,81919,531840,15.6,82605,531037,15.6,82973,530302,15.7,83310,529617,15.8,83559,528887,15.9,83853,527981,16.0,84219,526718
"서울특별시",은평구,16.9,81031,479457,17.0,81431,479005,17.2,82046,478019,17.2,82375,477973,17.3,82734,478029,17.3,83080,479524,17.3,83464,481184,17.4,83847,481729
"서울특별시",서대문구,16.7,51967,310353,16.8,52201,311327,16.8,52568,312642,16.8,52706,312809,16.9,52896,312869,17.0,53008,312720,17.0,53120,312264,17.0,53270,312632
"서울특별시",마포구,14.0,52382,373951,14.0,52574,374315,14.1,52912,374570,14.2,53087,374426,14.2,53273,374837,14.2,53334,374390,14.3,53401,374036,14.3,53572,373620
"서울특별시",양천구,13.5,61592,457887,13.5,61960,457332,13.7,62622,456339,13.8,63029,457132,13.8,63381,458181,13.9,63687,457953,14.0,63963,457543,14.1,64338,456980
"서울특별시",강서구,14.3,84459,591599,14.4,84957,590419,14.5,85713,589302,14.6,86133,588281,14.7,86504,587553,14.8,86762,586936,14.8,87020,586279,14.9,87380,584920
"서울특별시",구로구,16.1,65413,406751,16.2,65833,406245,16.4,66383,405837,16.5,66726,405271,16.6,67049,405030,16.6,67249,405075,16.7,67543,405260,16.7,67884,405495
"서울특별시",금천구,16.0,37398,233066,16.2,37606,232827,16.3,37948,232583,16.4,38085,232396,16.5,38278,232425,16.5,38404,232250,16.6,38507,231939,16.7,38706,232013
"서울특별시",영등포구,15.6,57312,367916,15.6,57722,370108,15.7,58266,371903,15.7,58474,372225,15.8,58721,372568,15.8,58976,373349,15.8,59215,374097,15.9,59500,375133
"서울특별시",동작구,15.8,62355,395636,15.8,62632,395201,16.0,63090,395014,16.0,63318,394988,16.1,63579,395180,16.1,63767,395165,16.2,63961,394905,16.3,64158,394118
"서울특별시",관악구,15.0,75190,499869,15.1,75559,499587,15.3,76174,499374,15.3,76391,498978,15.4,76702,499431,15.4,76856,499740,15.4,77106,499729,15.5,77434,499316
"서울특별시",서초구,13.3,57375,431050,13.4,57741,431336,13.5,58226,430568,13.6,58427,429729,13.7,58693,429340,13.7,58958,428919,13.8,59161,428252,13.9,59333,427237
"서울특별시",강남구,13.1,71480,545938,13.2,71944,546436,13.3,72461,544804,13.4,72569,543240,13.4,72670,541915,13.5,72958,541233,13.5,73255,540636,13.6,73525,540148
"서울특별시",송파구,13.0,87958,676341,13.1,88558,675782,13.3,89346,674095,13.3,89688,672862,13.4,90148,672089,13.5,90515,671512,13.5,90987,671589,13.6,91529,671312
"서울특별시",강동구,14.6,64153,440795,14.5,65001,446887,14.6,66274,452646,14.7,66835,455042,14.7,67254,456312,14.8,67618,457164,14.9,67986,457339,14.9,68348,457330
"부산광역시",소계,18.3,623910,3411819,18.4,627817,3410925,18.6,633548,3409932,18.7,636562,3408347,18.8,639421,3406942,18.8,641387,3404423,18.9,643652,3402776,19.0,646537,3401072
"부산광역시",중구,25.8,10812,41830,26.0,10876,41826,26.2,10957,41764,26.4,10992,41714,26.4,11033,41742,26.5,11052,41652,26.6,11085,41633,26.7,11132,41630
"부산광역시",서구,24.3,26185,107973,24.4,26266,107844,24.6,26495,107669,24.7,26597,107722,24.8,26705,107868,24.8,26743,107947,24.9,26823,107934,25.0,26921,107768
"부산광역시",동구,25.3,22376,88292,25.4,22480,88439,25.5,22729,89289,25.5,22852,89673,25.5,22915,89710,25.6,23003,89698,25.7,23058,89721,25.8,23134,89665
"부산광역시",영도구,25.9,30209,116447,26.1,30355,116155,26.4,30604,115886,26.6,30728,115645,26.7,30809,115388,26.8,30897,115120,27.0,30993,114873,27.1,31089,114511
"부산광역시",부산진구,18.9,67465,357284,19.0,67835,356811,19.2,68391,356661,19.2,68713,356978,19.3,69082,357190,19.4,69309,357242,19.4,69515,357695,19.5,69734,357768
"부산광역시",동래구,17.4,47233,271562,17.5,47592,271528,17.7,48141,272319,17.7,48355,272570,17.8,48568,272532,17.9,48774,272476,18.0,48973,272554,18.1,49182,272182
"부산광역시",남구,19.0,51980,273707,19.1,52207,272927,19.3,52519,272381,19.4,52670,271674,19.5,52824,271183,19.6,52907,270606,19.6,53069,270125,19.8,53281,269626
"부산광역시",북구,15.9,46227,290908,16.0,46558,290230,16.3,47061,289575,16.4,47330,289059,16.5,47650,288986,16.6,47805,288376,16.7,47977,287736,16.8,48240,286865
"부산광역시",해운대구,16.4,66675,406312,16.5,67072,405708,16.7,67668,405155,16.8,68032,405268,16.9,68292,404459,17.0,68517,403923,17.0,68807,403878,17.1,69106,403118
"부산광역시",사하구,17.6,56334,320254,17.8,56755,319542,18.0,57337,318866,18.1,57581,318196,18.2,57808,317747,18.3,58040,317258,18.4,58270,316705,18.5,58568,315748
"부산광역시",금정구,19.7,46917,238556,19.8,47156,238208,20.0,47463,237508,20.1,47657,236904,20.2,47817,236596,20.3,47895,236009,20.4,48005,235155,20.5,48186,234640
"부산광역시",강서구,11.8,15360,130298,11.8,15485,130748,11.9,15633,131140,12.0,15691,131235,12.0,15835,131557,12.0,15864,131779,12.1,15932,131979,12.0,16067,133354
"부산광역시",연제구,18.2,38171,209980,18.3,38467,210509,18.5,38855,210326,18.6,39083,210086,18.7,39248,209873,18.8,39357,209514,18.9,39504,209345,18.9,39753,210146
"부산광역시",수영구,20.4,35875,176112,20.4,36090,176879,20.6,36378,176967,20.7,36557,176984,20.8,36740,176886,20.8,36842,176975,20.9,36930,176742,20.9,37034,176937
"부산광역시",사상구,16.8,36614,217594,17.0,36931,217250,17.2,37305,216840,17.3,37557,216507,17.5,37716,216083,17.5,37825,215709,17.6,37972,215332,17.8,38168,214826
"부산광역시",기장군,15.5,25477,164710,15.4,25692,166321,15.5,26012,167586,15.6,26167,168132,15.6,26379,169142,15.6,26557,170139,15.6,26739,171369,15.6,26942,172288
"대구광역시",소계,15.7,381786,2436488,15.8,383965,2432883,15.9,387318,2433568,16.0,388845,2431523,16.1,390430,2429059,16.1,391613,2427954,16.2,393159,2428022,16.3,394861,2428228
"대구광역시",중구,20.2,15623,77282,20.3,15657,77151,20.4,15733,77136,20.4,15723,76955,20.4,15721,76880,20.4,15733,76984,20.4,15754,77062,20.5,15801,77120
"대구광역시",동구,18.7,64383,344932,18.8,64673,343857,19.0,65245,343933,19.1,65521,343568,19.2,65778,342897,19.3,66028,342627,19.3,66278,342657,19.4,66598,343317
"대구광역시",서구,21.1,36945,174803,21.3,37129,174389,21.5,37415,174042,21.6,37627,173807,21.8,37761,173278,21.9,37810,172802,22.0,37991,172657,22.1,38194,172465
"대구광역시",남구,22.4,33142,148057,22.5,33265,147938,22.6,33516,148083,22.7,33587,147905,22.8,33739,147746,22.9,33798,147482,23.0,33842,147355,23.0,33936,147235
"대구광역시",북구,13.8,60501,437189,13.9,60895,436530,14.1,61438,436847,14.1,61673,436863,14.2,62003,437566,14.2,62276,438608,14.2,62578,439432,14.3,62828,439690
"대구광역시",수성구,14.9,63939,428770,15.0,64313,428729,15.1,64829,428777,15.2,65011,428125,15.2,65173,427436,15.3,65324,426919,15.4,65552,426611,15.4,65828,426437
"대구광역시",달서구,13.4,76454,568663,13.6,76954,567716,13.7,77764,567978,13.8,78132,567375,13.9,78491,566213,13.9,78720,565378,14.0,79059,564639,14.1,79357,563730
"대구광역시",달성군,12.0,30799,256792,12.1,31079,256573,12.2,31378,256772,12.3,31571,256925,12.4,31764,257043,12.4,31924,257154,12.5,32105,257609,12.5,32319,258234
"인천광역시",소계,13.1,387385,2956119,13.2,390008,2954955,13.3,394001,2952689,13.4,395993,2950972,13.5,398065,2950063,13.6,399555,2947217,13.6,401297,2945565,13.7,403320,2943491
"인천광역시",중구,14.1,19231,136013,14.1,19353,136879,14.2,19586,137587,14.3,19725,137994,14.3,19847,138535,14.4,19931,138783,14.4,20026,139042,14.5,20151,139154
"인천광역시",동구,21.5,13821,64337,21.6,13884,64216,21.8,13981,64039,21.9,14004,63866,22.1,14069,63795,22.2,14096,63546,22.3,14143,63309,22.5,14195,63093
"인천광역시",연수구,9.5,34715,367321,9.5,35046,369588,9.6,35505,370796,9.6,35750,371396,9.7,36019,372206,9.7,36179,372566,9.7,36444,374353,9.7,36826,378093
"인천광역시",남동구,12.6,66962,532569,12.7,67511,532257,12.8,68309,531960,12.9,68679,531526,13.0,69046,531031,13.1,69324,530416,13.2,69651,529413,13.3,70049,528255
"인천광역시",부평구,13.7,69965,510362,13.8,70355,508587,14.0,70975,506682,14.1,71246,505236,14.2,71494,503946,14.3,71716,502365,14.4,71943,501128,14.5,72203,499290
"인천광역시",계양구,11.7,35377,302832,11.8,35657,301984,12.0,36044,301395,12.1,36273,300885,12.2,36514,300446,12.2,36684,299853,12.3,36880,299210,12.4,37075,298184
"인천광역시",서구,9.9,54147,544608,10.0,54552,544465,10.1,55164,544034,10.2,55507,543994,10.3,55820,544010,10.3,56095,544136,10.4,56408,544147,10.4,56726,543627
"인천광역시",미추홀구,16.2,66021,408394,16.3,66359,407369,16.5,66955,406829,16.5,67190,406690,16.6,67529,406602,16.7,67769,406125,16.8,67951,405498,16.9,68151,404360
"인천광역시",강화군,31.8,22006,69197,32.0,22106,69154,32.2,22251,68996,32.4,22349,69030,32.4,22411,69102,32.5,22422,69060,32.6,22488,69032,32.7,22559,69003
"인천광역시",옹진군,25.1,5140,20486,25.3,5185,20456,25.7,5231,20371,25.9,5270,20355,26.1,5316,20390,26.2,5339,20367,26.2,5363,20433,26.4,5385,20432
"광주광역시",소계,13.5,196550,1456688,13.6,197559,1456121,13.7,199047,1455705,13.7,199839,1456096,13.8,200703,1455533,13.8,201275,1455048,13.9,202006,1454709,13.9,202738,1454154
"광주광역시",동구,21.5,21218,98642,21.6,21295,98641,21.7,21414,98628,21.8,21463,98622,21.7,21561,99158,21.7,21591,99273,21.8,21655,99228,21.9,21695,99159
"광주광역시",서구,13.4,40452,301339,13.5,40708,301015,13.7,41032,300292,13.7,41239,300093,13.8,41429,299850,13.9,41539,299248,14.0,41708,298898,14.0,41865,298644
"광주광역시",남구,16.7,36341,218035,16.8,36543,217993,16.9,36764,217810,17.0,36882,217543,17.1,36965,216758,17.1,37016,216256,17.2,37106,215987,17.3,37242,215701
"광주광역시",북구,14.3,61790,433147,14.3,62097,432872,14.5,62639,433006,14.5,62889,433057,14.6,63200,432731,14.6,63479,433444,14.7,63771,433463,14.8,63999,433279
"광주광역시",광산구,9.1,36749,405525,9.1,36916,405600,9.2,37198,405969,9.2,37366,406781,9.2,37548,407036,9.3,37650,406827,9.3,37766,407133,9.3,37937,407371
"대전광역시",소계,13.6,199836,1474152,13.7,201130,1473125,13.8,203029,1471858,13.9,204096,1471650,13.9,205070,1471915,14.0,205807,1471040,14.0,206479,1470225,14.1,207349,1469431
"대전광역시",동구,18.0,40777,226216,18.2,40968,225633,18.3,41280,225302,18.4,41423,225094,18.5,41549,224729,18.6,41649,224300,18.6,41771,224060,18.7,41915,223728
"대전광역시",중구,18.3,43901,240215,18.4,44139,240064,18.6,44518,239635,18.7,44731,239361,18.8,44853,238955,18.9,44967,238540,18.9,45064,238149,19.0,45194,237792
"대전광역시",서구,12.0,57553,481174,12.1,58019,481349,12.2,58643,481135,12.3,58995,481304,12.3,59313,481449,12.4,59580,481436,12.4,59784,481209,12.5,60038,481124
"대전광역시",유성구,9.0,31411,349824,9.0,31625,349915,9.1,31982,350055,9.2,32214,350439,9.2,32491,351532,9.3,32645,351882,9.3,32814,352316,9.4,33011,352550
"대전광역시",대덕구,14.8,26194,176723,15.0,26379,176164,15.1,26606,175731,15.2,26733,175452,15.3,26864,175250,15.4,26966,174882,15.5,27046,174491,15.6,27191,174237
"울산광역시",소계,11.6,133618,1147037,11.8,134791,1145710,11.9,136319,1144563,12.0,137151,1144098,12.1,137975,1143148,12.1,138579,1142190,12.2,139272,1141362,12.3,140122,1140310
"울산광역시",중구,14.0,31214,223060,14.1,31468,222395,14.3,31760,221702,14.4,31945,221125,14.5,32092,220604,14.6,32176,220028,14.7,32339,219635,14.8,32522,219249
"울산광역시",남구,11.3,36623,323704,11.4,36980,323756,11.6,37383,323320,11.6,37600,323230,11.7,37862,323192,11.8,38037,322883,11.8,38189,322486,11.9,38415,321955
"울산광역시",동구,11.5,18374,159294,11.7,18545,158809,11.9,18793,158477,11.9,18896,158323,12.0,19033,158154,12.1,19145,157973,12.2,19269,157757,12.3,19408,157589
"울산광역시",북구,7.6,16607,218053,7.7,16775,218190,7.8,16996,218353,7.8,17108,218364,7.9,17194,218396,7.9,17305,218673,7.9,17381,218777,8.0,17515,218765
"울산광역시",울주군,13.8,30800,222926,13.9,31023,222560,14.1,31387,222711,14.2,31602,223056,14.3,31794,222802,14.3,31916,222633,14.4,32094,222707,14.5,32262,222752
"세종특별자치시",소계,9.4,32261,342328,9.5,32574,343788,9.5,32859,344792,9.6,33039,345216,9.6,33195,345373,9.7,33343,345341,9.7,33515,346217,9.7,33733,347232
"경기도",소계,12.6,1663749,13250368,12.6,1675644,13265377,12.7,1693501,13288975,12.8,1703498,13311254,12.9,1713039,13324041,12.9,1720408,13338020,12.9,1728614,13351891,13.0,1738280,13370714
"경기도",수원시,10.4,124521,1193894,10.5,125373,1193480,10.6,126579,1192762,10.7,127331,1192622,10.7,127985,1192018,10.8,128506,1191542,10.8,129031,1191244,10.9,129637,1190074
"경기도",성남시,13.4,126680,942649,13.5,127355,942183,13.6,128487,941688,13.7,129064,941527,13.8,129521,940519,13.8,129781,939748,13.9,130230,938982,13.9,130976,940668
"경기도",의정부시,14.5,65683,451876,14.6,66143,452865,14.7,66848,453679,14.8,67191,454222,14.9,67570,454859,14.9,67860,455520,15.0,68140,455671,15.0,68604,456660
"경기도",안양시,12.8,72128,565352,12.9,72505,563066,13.0,73102,561966,13.1,73405,561069,13.2,73668,559792,13.2,73890,558017,13.3,74108,556561,13.4,74370,554857
"경기도",부천시,12.7,104934,828947,12.8,105672,827374,12.9,106917,827132,13.0,107638,826845,13.1,108224,826093,13.2,108709,825700,13.2,109180,824675,13.3,109729,822865
"경기도",광명시,13.2,41633,315920,13.3,41902,316125,13.4,42357,316220,13.5,42516,315745,13.6,42605,314413,13.6,42538,312774,13.7,42487,311119,13.7,42425,308678
"경기도",평택시,12.1,62286,514876,12.1,62713,517087,12.2,63403,519124,12.2,63728,520649,12.3,64070,522111,12.3,64322,523881,12.3,64605,525378,12.3,64962,527166
"경기도",동두천시,19.4,18418,94719,19.6,18471,94452,19.7,18597,94231,19.8,18696,94191,20.0,18775,94097,20.0,18856,94143,20.1,18919,93985,20.2,18987,93968
"경기도",안산시,10.3,66921,650559,10.4,67425,651211,10.4,68167,652763,10.5,68567,653575,10.5,68980,654047,10.6,69284,654450,10.7,69683,654093,10.7,70057,653733
"경기도",고양시,12.8,136316,1068641,12.8,137354,1071002,12.9,138807,1072909,13.0,139555,1074853,13.1,140443,1076179,13.1,141077,1076996,13.2,141753,1077347,13.2,142482,1076406
"경기도",과천시,13.9,8131,58334,14.0,8144,58253,14.1,8212,58280,14.0,8340,59687,14.0,8522,60790,14.0,8596,61309,14.1,8676,61717,14.1,8742,61902
"경기도",구리시,12.8,25400,199015,12.9,25615,198921,13.0,25892,199099,13.1,25984,199018,13.1,26153,198883,13.2,26229,198461,13.3,26310,198212,13.4,26420,197889
"경기도",남양주시,13.3,93786,702545,13.4,94611,704172,13.6,95640,705264,13.6,96185,706069,13.7,96736,706444,13.7,97175,707485,13.8,97746,709247,13.8,98207,709881
"경기도",오산시,9.0,20438,226736,9.1,20627,226900,9.2,20848,227112,9.2,20987,227550,9.3,21124,227749,9.3,21258,228111,9.3,21337,228323,9.4,21492,228768
"경기도",시흥시,8.8,41850,475396,8.9,42229,476481,9.0,42777,477425,9.0,43095,478464,9.1,43434,479368,9.1,43814,481430,9.1,44257,484164,9.1,44745,489077
"경기도",군포시,12.3,33994,275989,12.4,34260,275857,12.6,34678,275960,12.6,34842,275954,12.7,35070,275902,12.8,35225,276039,12.8,35400,275995,12.9,35601,275508
"경기도",의왕시,13.0,21056,162472,13.0,21296,163982,13.1,21617,164602,13.2,21710,164701,13.2,21742,164150,13.3,21726,163622,13.4,21786,163049,13.4,21843,162751
"경기도",하남시,12.4,33898,273587,12.4,34218,275384,12.5,34646,277431,12.5,35026,279621,12.6,35419,281340,12.6,35678,283256,12.6,35913,284507,12.7,36200,285693
"경기도",용인시,12.7,134955,1061440,12.8,135856,1063650,12.9,137271,1065613,12.9,138116,1068519,13.0,138883,1070987,13.0,139472,1073115,13.0,140138,1074968,13.1,140817,1075659
"경기도",파주시,13.4,60999,453961,13.5,61371,453827,13.6,61942,454494,13.7,62282,455262,13.7,62564,455471,13.8,62790,456073,13.8,63088,456788,13.8,63507,459158
"경기도",이천시,13.6,29405,215885,13.7,29600,215869,13.8,29899,216404,13.9,30051,216844,13.9,30159,217547,13.9,30299,218465,13.9,30425,218954,13.9,30576,219537
"경기도",안성시,16.8,30894,183369,16.9,31093,183444,17.0,31329,183751,17.1,31497,184211,17.1,31651,185018,17.2,31853,185305,17.2,31990,185544,17.3,32174,186104
"경기도",김포시,12.0,52675,437789,12.1,53174,439502,12.2,53884,443071,12.2,54376,445425,12.3,54781,447038,12.3,55111,449039,12.3,55546,451842,12.3,56236,458505
"경기도",화성시,8.6,70033,818760,8.6,70607,822470,8.6,71481,827603,8.7,72074,831888,8.7,72550,834378,8.7,72923,836662,8.7,73382,839493,8.8,73908,842864
"경기도",광주시,12.5,46810,373274,12.7,47306,373867,12.8,47987,374913,12.9,48333,375561,12.9,48738,376753,13.0,49068,377525,13.0,49421,378723,13.1,49748,379480
"경기도",양주시,15.2,33683,222275,15.2,33881,222435,15.3,34293,223704,15.4,34499,224524,15.4,34733,225069,15.5,34958,226015,15.5,35222,227972,15.5,35506,229052
"경기도",포천시,18.8,27812,148137,18.9,27962,147770,19.1,28226,147853,19.2,28401,148144,19.3,28543,148081,19.4,28651,148015,19.5,28761,147809,19.5,28901,147854
"경기도",여주시,20.9,23207,111017,21.0,23367,111008,21.2,23550,111083,21.3,23652,111198,21.3,23745,111234,21.4,23852,111341,21.5,23950,111400,21.6,24031,111438
"경기도",연천군,25.2,11033,43741,25.4,11081,43614,25.6,11169,43552,25.7,11202,43618,25.8,11256,43689,25.9,11279,43618,26.0,11330,43566,26.1,11369,43542
"경기도",가평군,24.9,15531,62303,25.1,15609,62224,25.4,15794,62262,25.4,15876,62397,25.5,15948,62566,25.6,16014,62662,25.6,16039,62632,25.7,16100,62605
"경기도",양평군,24.5,28639,116910,24.7,28824,116902,24.9,29102,117025,25.0,29279,117301,25.1,29447,117456,25.2,29614,117701,25.2,29761,117931,25.3,29928,118372
"강원도",소계,19.8,304479,1540540,19.9,306203,1539521,20.1,308835,1538577,20.2,310098,1537780,20.2,311356,1538639,20.3,312404,1539282,20.4,313549,1540094,20.4,314817,1540689
"강원도",춘천시,17.0,47889,281468,17.1,48181,281759,17.2,48587,281688,17.3,48794,281492,17.4,49020,281439,17.5,49160,281400,17.5,49353,281516,17.6,49553,281854
"강원도",원주시,14.4,50390,350202,14.5,50734,350897,14.6,51229,351154,14.6,51459,351421,14.7,51678,351979,14.7,51875,352201,14.8,52139,352726,14.8,52399,352964
"강원도",강릉시,20.3,43372,213328,20.5,43631,213273,20.7,44018,213143,20.7,44187,213037,20.8,44319,212929,20.9,44451,212863,20.9,44610,212978,21.0,44749,212935
"강원도",동해시,19.3,17426,90417,19.4,17514,90210,19.6,17650,90263,19.6,17714,90233,19.7,17800,90366,19.8,17891,90454,19.8,17949,90481,19.9,18036,90548
"강원도",태백시,23.7,10356,43681,23.9,10393,43526,24.1,10470,43411,24.3,10497,43251,24.4,10555,43254,24.5,10597,43203,24.6,10614,43098,24.8,10652,42980
"강원도",속초시,18.2,14893,81840,18.3,14983,81744,18.5,15145,81689,18.6,15229,81713,18.7,15314,81792,18.8,15416,82059,18.9,15499,82211,18.9,15595,82343
"강원도",삼척시,24.0,16052,66806,24.3,16128,66478,24.6,16234,66088,24.7,16305,65887,24.9,16365,65834,24.9,16384,65753,25.0,16403,65698,25.0,16446,65708
"강원도",홍천군,25.0,17245,68933,25.3,17371,68715,25.5,17517,68630,25.6,17616,68688,25.7,17679,68832,25.7,17738,68998,25.7,17789,69232,25.8,17862,69167
"강원도",횡성군,28.1,13027,46377,28.2,13084,46372,28.5,13183,46307,28.6,13233,46232,28.7,13281,46276,28.7,13328,46442,28.8,13373,46402,29.0,13439,46409
"강원도",영월군,28.3,11054,39040,28.5,11123,38969,28.8,11206,38938,29.0,11244,38762,29.1,11290,38759,29.2,11323,38840,29.2,11345,38818,29.3,11361,38773
"강원도",평창군,26.8,11266,42014,27.0,11331,41903,27.3,11425,41817,27.5,11482,41758,27.6,11538,41779,27.7,11574,41739,27.9,11644,41709,28.0,11688,41742
"강원도",정선군,26.5,9869,37194,26.8,9929,37062,27.0,10012,37044,27.1,10049,37036,27.2,10082,37025,27.3,10122,37046,27.5,10161,37001,27.6,10220,37006
"강원도",철원군,21.7,9865,45467,21.8,9882,45333,22.0,9962,45220,22.2,9989,45093,22.2,10027,45084,22.3,10035,44987,22.4,10063,44924,22.5,10088,44833
"강원도",화천군,21.6,5348,24806,21.8,5367,24673,21.9,5409,24646,22.0,5425,24627,22.1,5453,24657,22.2,5477,24717,22.2,5502,24753,22.3,5529,24802
"강원도",양구군,20.1,4530,22526,20.4,4558,22366,20.6,4585,22301,20.6,4600,22375,20.6,4611,22378,20.7,4621,22332,20.8,4637,22295,20.8,4647,22329
"강원도",인제군,19.7,6215,31567,19.9,6250,31432,20.1,6319,31461,20.1,6342,31506,20.2,6380,31548,20.3,6405,31554,20.4,6433,31526,20.5,6457,31571
"강원도",고성군,28.3,7693,27165,28.5,7726,27080,28.8,7792,27064,28.9,7797,26959,29.0,7807,26921,29.1,7837,26886,29.2,7855,26867,29.3,7879,26857
"강원도",양양군,28.8,7989,27709,28.9,8018,27729,29.2,8092,27713,29.4,8136,27710,29.4,8157,27787,29.4,8170,27808,29.4,8180,27859,29.5,8217,27868
"충청북도",소계,17.2,274813,1599391,17.3,276242,1598599,17.4,278556,1597639,17.5,279644,1596613,17.6,280737,1596710,17.6,281549,1597593,17.7,282466,1597936,17.7,283550,1598162
"충청북도",충주시,19.0,40002,210806,19.1,40167,210643,19.2,40500,210423,19.3,40648,210188,19.4,40813,210190,19.5,40979,210173,19.5,41078,210228,19.6,41249,210304
"충청북도",제천시,20.8,27914,134359,20.9,28062,134171,21.1,28279,133839,21.2,28392,133638,21.4,28512,133513,21.4,28607,133395,21.5,28701,133277,21.6,28780,133170
"충청북도",청주시,12.7,107079,840047,12.8,107700,840272,12.9,108801,840756,13.0,109343,840938,13.1,109821,841540,13.1,110200,842821,13.1,110651,843399,13.2,111186,843782
"충청북도",보은군,33.3,10939,32899,33.5,10989,32840,33.7,11024,32760,33.8,11052,32699,33.9,11066,32653,34.0,11080,32578,34.2,11111,32522,34.2,11133,32522
"충청북도",옥천군,28.6,14607,50987,28.8,14676,50903,29.1,14783,50791,29.2,14846,50778,29.3,14894,50802,29.3,14893,50802,29.4,14923,50768,29.5,14964,50792
"충청북도",영동군,30.2,14651,48523,30.3,14666,48364,30.6,14747,48174,30.9,14802,47963,31.0,14833,47832,31.1,14869,47736,31.2,14904,47702,31.3,14931,47706
"충청북도",진천군,16.1,13060,81225,16.2,13141,81301,16.3,13250,81404,16.3,13300,81483,16.4,13365,81584,16.4,13401,81742,16.4,13454,81865,16.5,13509,81949
"충청북도",괴산군,32.6,12536,38451,33.0,12603,38185,33.5,12678,37896,33.7,12693,37694,33.9,12736,37566,34.0,12745,37493,34.2,12776,37357,34.3,12806,37354
"충청북도",음성군,20.2,19179,95006,20.3,19295,94909,20.5,19437,94709,20.6,19470,94461,20.7,19551,94336,20.8,19586,94288,20.8,19635,94315,20.9,19700,94179
"충청북도",단양군,29.3,8682,29664,29.5,8736,29592,29.8,8819,29546,30.0,8832,29451,30.1,8860,29392,30.3,8894,29387,30.4,8911,29337,30.5,8937,29268
"충청북도",증평군,16.5,6164,37424,16.6,6207,37419,16.7,6238,37341,16.8,6266,37320,16.9,6286,37302,16.9,6295,37178,17.0,6322,37166,17.1,6355,37136
"충청남도",소계,18.3,388385,2122455,18.4,390322,2120995,18.5,392998,2119749,18.6,394476,2118457,18.7,396189,2118510,18.7,397312,2119771,18.8,398578,2120692,18.9,400038,2120519
"충청남도",천안시,10.4,67603,652845,10.4,68147,653816,10.5,68808,654259,10.6,69187,654251,10.6,69613,655192,10.6,69996,657514,10.7,70316,658280,10.7,70681,658212
"충청남도",공주시,25.0,26608,106294,25.2,26738,106098,25.4,26906,105895,25.6,27034,105743,25.7,27145,105611,25.8,27196,105440,25.9,27282,105396,26.0,27415,105353
"충청남도",보령시,24.9,25107,100908,25.0,25246,100836,25.3,25452,100787,25.4,25545,100646,25.5,25692,100602,25.6,25734,100647,25.7,25805,100601,25.8,25899,100538
"충청남도",아산시,12.8,40241,314238,12.9,40465,313875,13.0,40763,313733,13.0,40908,313757,13.1,41127,313761,13.2,41259,313054,13.2,41380,313319,13.2,41574,313871
"충청남도",서산시,17.9,31271,174663,18.0,31439,174596,18.1,31609,174629,18.2,31716,174645,18.2,31823,174801,18.2,31896,174884,18.3,32003,175124,18.3,32107,175272
"충청남도",논산시,25.4,30163,118781,25.5,30271,118513,25.7,30445,118266,25.9,30534,118032,26.0,30653,117812,26.1,30724,117696,26.2,30795,117520,26.3,30876,117340
"충청남도",계룡시,11.2,4790,42735,11.3,4819,42648,11.4,4848,42663,11.4,4857,42757,11.5,4893,42696,11.5,4919,42803,11.6,4947,42772,11.6,4979,42802
"충청남도",당진시,18.0,30031,166815,18.1,30220,166551,18.3,30401,166253,18.4,30499,166136,18.4,30622,166098,18.5,30693,166084,18.6,30819,166057,18.6,30942,166067
"충청남도",금산군,30.0,15654,52120,30.2,15671,51969,30.4,15781,51904,30.6,15828,51781,30.7,15879,51746,30.8,15905,51665,30.8,15935,51696,30.9,15978,51641
"충청남도",부여군,33.2,22118,66676,33.3,22163,66548,33.6,22274,66353,33.7,22345,66214,33.9,22405,66086,34.0,22429,65919,34.1,22467,65844,34.3,22522,65723
"충청남도",서천군,35.1,18481,52702,35.2,18535,52582,35.5,18637,52494,35.7,18688,52374,35.9,18736,52247,35.9,18760,52209,36.0,18824,52223,36.2,18855,52137
"충청남도",청양군,34.1,10781,31577,34.5,10831,31385,34.9,10893,31245,35.1,10935,31139,35.3,10950,31034,35.4,10970,30994,35.5,10972,30950,35.6,10999,30863
"충청남도",홍성군,23.0,23084,100347,23.1,23170,100245,23.3,23291,100063,23.4,23375,99973,23.5,23469,100013,23.5,23528,99980,23.6,23616,100020,23.7,23667,99984
"충청남도",예산군,30.1,23827,79126,30.3,23891,78915,30.5,24039,78881,30.6,24108,78726,30.8,24193,78618,30.9,24269,78610,31.0,24333,78609,31.1,24383,78420
"충청남도",태안군,29.7,18626,62628,30.0,18716,62418,30.2,18851,62324,30.4,18917,62283,30.5,18989,62193,30.6,19034,62272,30.6,19084,62281,30.8,19161,62296
"전라북도",소계,20.5,372332,1817302,20.6,373841,1815112,20.8,376228,1812936,20.8,377290,1811619,20.9,378488,1810097,21.0,379449,1808802,21.0,380425,1808044,21.1,381591,1807094
"전라북도",전주시,14.3,93842,654963,14.4,94366,655447,14.5,95110,655519,14.6,95426,655713,14.6,95832,655607,14.7,96124,655472,14.7,96398,655784,14.8,96850,656149
"전라북도",군산시,17.9,48347,269779,18.1,48648,269201,18.2,49012,268766,18.3,49195,268667,18.4,49395,268558,18.5,49535,268356,18.5,49741,268243,18.6,49927,267982
"전라북도",익산시,18.7,53752,286997,18.9,53937,286096,19.0,54333,285431,19.1,54588,285255,19.2,54791,284746,19.3,54930,284217,19.4,55155,283853,19.5,55356,283496
"전라북도",정읍시,26.8,29541,110310,26.9,29649,110120,27.1,29792,109951,27.2,29853,109763,27.3,29951,109646,27.4,30014,109503,27.5,30041,109355,27.5,30042,109167
"전라북도",남원시,27.1,22089,81439,27.3,22171,81358,27.4,22262,81257,27.5,22299,81170,27.6,22347,81067,27.7,22421,81051,27.7,22446,81028,27.8,22537,81062
"전라북도",김제시,30.7,25737,83803,30.9,25824,83595,31.0,25947,83570,31.1,25973,83391,31.2,26057,83384,31.3,26093,83327,31.4,26126,83177,31.5,26200,83061
"전라북도",완주군,22.3,20560,92171,22.4,20637,92201,22.6,20800,92135,22.7,20859,91976,22.8,20934,91835,22.9,20988,91841,22.9,21041,91828,23.0,21082,91741
"전라북도",진안군,33.7,8647,25681,33.8,8670,25652,34.0,8722,25621,34.2,8737,25548,34.3,8763,25514,34.5,8790,25509,34.5,8790,25477,34.6,8814,25466
"전라북도",무주군,32.6,7906,24271,32.7,7926,24230,32.9,7961,24178,33.0,7958,24127,33.1,7968,24089,33.2,7973,24042,33.3,7991,24014,33.4,8014,24024
"전라북도",장수군,32.7,7309,22382,32.9,7324,22285,33.1,7382,22277,33.3,7419,22277,33.4,7435,22230,33.6,7466,22240,33.7,7485,22205,33.8,7488,22159
"전라북도",임실군,34.6,9835,28446,34.8,9837,28253,35.2,9888,28073,35.4,9888,27895,35.5,9880,27807,35.7,9911,27783,35.8,9929,27706,35.9,9932,27663
"전라북도",순창군,32.9,9313,28311,33.0,9318,28260,33.2,9359,28155,33.4,9385,28124,33.5,9392,28040,33.6,9401,28018,33.6,9417,28016,33.7,9426,27942
"전라북도",고창군,33.1,18414,55604,33.3,18471,55425,33.6,18537,55190,33.7,18560,55021,33.8,18567,54950,33.9,18599,54858,34.0,18622,54811,34.1,18654,54727
"전라북도",부안군,32.1,17040,53145,32.2,17063,52989,32.4,17123,52813,32.5,17150,52692,32.6,17176,52624,32.7,17204,52585,32.8,17243,52547,32.9,17269,52455
"전라남도",소계,22.7,423672,1864712,22.8,424701,1861894,23.0,426963,1859290,23.0,427920,1857083,23.1,429146,1855945,23.2,430122,1854618,23.2,430895,1853339,23.3,431845,1851985
"전라남도",목포시,15.8,36268,229744,15.9,36394,229235,16.0,36716,229009,16.1,36851,228916,16.2,36970,228587,16.2,37081,228231,16.3,37236,228198,16.5,37333,226875
"전라남도",여수시,18.5,52215,282356,18.6,52449,282062,18.7,52832,281794,18.8,53064,281604,18.9,53268,281250,19.0,53443,281121,19.1,53605,280925,19.2,53786,280603
"전라남도",순천시,15.2,42576,281014,15.2,42778,281347,15.3,43104,281873,15.4,43205,281349,15.4,43352,280795,15.5,43478,281054,15.5,43635,281366,15.5,43796,281999
"전라남도",나주시,22.1,25377,114671,22.2,25399,114618,22.3,25495,114516,22.3,25548,114380,22.4,25635,114469,22.5,25701,114448,22.5,25714,114369,22.5,25776,114392
"전라남도",광양시,12.5,19184,153335,12.7,19269,152304,12.8,19391,151372,12.8,19472,151751,12.9,19625,152576,12.9,19670,152016,13.0,19727,151662,13.1,19771,151122
"전라남도",담양군,30.2,14008,46443,30.3,14035,46367,30.5,14095,46265,30.6,14113,46122,30.7,14145,46077,30.8,14202,46045,30.9,14240,46040,31.0,14273,45980
"전라남도",곡성군,35.0,10084,28773,35.2,10089,28696,35.4,10112,28569,35.5,10113,28455,35.6,10118,28386,35.8,10132,28340,35.9,10138,28254,36.0,10156,28226
"전라남도",구례군,33.1,8678,26214,33.3,8686,26086,33.6,8718,25976,33.7,8726,25895,33.8,8749,25851,34.0,8793,25826,34.2,8811,25766,34.3,8823,25696
"전라남도",고흥군,39.9,25865,64851,40.0,25914,64728,40.3,26014,64581,40.4,26021,64407,40.6,26094,64336,40.6,26148,64336,40.7,26156,64273,40.8,26178,64198
"전라남도",보성군,37.3,15453,41398,37.4,15469,41329,37.7,15542,41232,37.8,15566,41135,38.0,15585,41016,38.1,15589,40939,38.1,15572,40826,38.3,15604,40754
"전라남도",화순군,26.0,16299,62642,26.1,16342,62529,26.3,16440,62493,26.4,16528,62510,26.5,16573,62554,26.5,16605,62654,26.5,16618,62662,26.6,16678,62649
"전라남도",장흥군,33.1,12738,38489,33.2,12754,38400,33.3,12784,38333,33.5,12808,38225,33.6,12821,38146,33.7,12829,38071,33.8,12841,37998,33.9,12863,37909
"전라남도",강진군,33.8,11912,35226,33.9,11911,35163,34.0,11963,35161,34.2,11971,35054,34.3,11996,34977,34.4,12002,34913,34.4,11995,34858,34.5,12010,34809
"전라남도",해남군,31.3,21986,70212,31.5,22023,70018,31.7,22101,69804,31.8,22118,69649,31.8,22157,69588,31.9,22158,69465,31.9,22157,69399,32.0,22180,69274
"전라남도",영암군,25.9,14100,54484,26.0,14135,54383,26.1,14204,54335,26.2,14211,54229,26.3,14237,54224,26.3,14275,54266,26.3,14282,54223,26.5,14297,54045
"전라남도",무안군,20.8,16871,81144,20.8,16932,81322,20.9,17010,81409,21.0,17060,81412,21.0,17131,81565,21.1,17199,81620,21.1,17223,81522,20.8,17276,83006
"전라남도",함평군,35.3,11582,32785,35.4,11603,32735,35.7,11642,32630,35.9,11672,32519,36.0,11672,32433,36.1,11682,32360,36.1,11672,32307,36.2,11667,32238
"전라남도",영광군,28.3,15244,53835,28.4,15251,53694,28.5,15307,53625,28.6,15311,53539,28.7,15352,53512,28.7,15371,53475,28.8,15390,53440,28.9,15415,53365
"전라남도",장성군,28.7,13115,45625,28.8,13110,45595,29.0,13185,45412,29.1,13210,45325,29.3,13247,45222,29.4,13280,45203,29.5,13305,45126,29.6,13313,44921
"전라남도",완도군,31.5,15946,50630,31.6,15954,50560,31.8,16013,50431,31.8,16036,50351,32.0,16066,50245,32.0,16070,50192,32.1,16116,50210,32.2,16145,50153
"전라남도",진도군,32.9,10084,30685,33.0,10088,30601,33.2,10141,30564,33.2,10141,30511,33.4,10172,30494,33.5,10211,30461,33.6,10217,30425,33.7,10240,30385
"전라남도",신안군,35.1,14087,40156,35.2,14116,40122,35.5,14154,39906,35.7,14175,39745,35.8,14181,39642,35.9,14203,39582,36.1,14245,39490,36.2,14265,39386
"경상북도",소계,20.7,551863,2662508,20.9,554409,2658956,21.0,558201,2653418,21.1,560148,2651054,21.2,562085,2648760,21.3,563362,2646493,21.4,564665,2644001,21.4,566300,2640932
"경상북도",포항시,16.3,82622,506494,16.4,83207,506162,16.6,84087,505479,16.7,84581,505209,16.8,85016,504829,16.9,85406,504461,17.0,85775,504230,17.1,86210,503883
"경상북도",경주시,21.5,54959,255253,21.7,55198,254853,21.8,55588,254441,21.9,55778,254225,22.0,55993,254035,22.1,56098,253758,22.2,56269,253674,22.3,56432,253460
"경상북도",김천시,22.2,31341,140991,22.3,31482,140863,22.5,31692,140609,22.7,31807,140418,22.7,31911,140384,22.7,31994,140651,22.8,32060,140627,22.9,32167,140511
"경상북도",안동시,23.8,38070,159844,23.9,38233,159645,24.2,38481,159338,24.3,38611,159035,24.4,38701,158820,24.4,38733,158526,24.5,38832,158765,24.5,38911,158867
"경상북도",구미시,9.0,37829,419761,9.1,38088,419296,9.2,38385,418436,9.2,38556,418205,9.3,38780,418007,9.3,38881,417480,9.4,39026,417098,9.4,39211,416551
"경상북도",영주시,26.1,27354,104985,26.2,27481,104795,26.4,27624,104557,26.6,27738,104418,26.7,27827,104236,26.8,27833,104003,26.8,27861,103862,26.9,27917,103652
"경상북도",영천시,27.2,27754,102163,27.3,27858,101967,27.6,28010,101630,27.6,28082,101828,27.7,28193,101758,27.8,28291,101601,27.9,28345,101515,28.0,28435,101523
"경상북도",상주시,29.9,29847,99814,30.1,29925,99438,30.3,30034,98967,30.5,30114,98644,30.7,30179,98435,30.8,30197,98201,30.9,30249,98038,30.9,30285,97875
"경상북도",문경시,29.1,20936,71889,29.2,20992,71778,29.5,21102,71527,29.6,21149,71382,29.7,21200,71282,29.7,21280,71683,29.8,21291,71417,30.0,21345,71258
"경상북도",경산시,16.1,42308,263229,16.2,42577,263075,16.3,43029,263285,16.4,43179,263375,16.5,43352,263286,16.5,43462,263034,16.6,43572,262537,16.7,43713,262300
"경상북도",군위군,38.6,9201,23821,38.9,9251,23800,39.4,9301,23614,39.6,9319,23534,39.8,9341,23477,39.9,9349,23451,39.9,9363,23437,40.0,9375,23409
"경상북도",의성군,40.0,21070,52674,40.3,21142,52516,40.5,21210,52333,40.7,21249,52236,40.8,21283,52148,40.9,21331,52142,41.0,21337,52051,41.1,21365,51940
"경상북도",청송군,36.0,9155,25439,36.1,9175,25430,36.4,9215,25340,36.5,9242,25291,36.6,9253,25264,36.7,9261,25228,36.8,9267,25161,37.0,9284,25122
"경상북도",영양군,36.1,6139,16999,36.4,6161,16946,36.7,6194,16884,36.9,6214,16844,37.1,6226,16786,37.2,6226,16748,37.3,6237,16738,37.4,6242,16680
"경상북도",영덕군,36.2,13480,37233,36.4,13520,37096,36.7,13561,36969,36.9,13579,36845,37.0,13596,36763,37.1,13625,36721,37.2,13641,36666,37.3,13651,36591
"경상북도",청도군,36.4,15628,42923,36.5,15661,42852,36.8,15731,42727,36.9,15762,42684,37.1,15811,42651,37.3,15851,42553,37.3,15874,42512,37.4,15907,42480
"경상북도",고령군,30.0,9677,32296,30.2,9720,32220,30.6,9770,31968,30.7,9794,31910,30.8,9797,31842,30.8,9789,31764,31.0,9802,31602,31.2,9813,31477
"경상북도",성주군,30.7,13521,43975,30.9,13563,43904,31.2,13645,43682,31.4,13683,43627,31.5,13750,43582,31.7,13782,43488,31.8,13799,43426,31.9,13837,43319
"경상북도",칠곡군,15.1,17583,116772,15.2,17668,116456,15.3,17784,115924,15.4,17866,115780,15.5,17932,115658,15.6,17967,115345,15.6,17986,115177,15.7,18057,114889
"경상북도",예천군,29.8,16438,55192,29.8,16503,55401,29.9,16597,55452,30.0,16644,55572,30.0,16683,55616,30.0,16711,55750,30.1,16742,55652,30.2,16741,55457
"경상북도",봉화군,35.1,11254,32052,35.3,11268,31957,35.5,11347,31951,35.7,11369,31889,35.8,11409,31843,35.9,11435,31823,36.0,11454,31777,36.2,11479,31701
"경상북도",울진군,27.2,13360,49188,27.3,13390,49049,27.5,13467,48957,27.6,13478,48834,27.7,13500,48815,27.6,13502,48843,27.7,13519,48789,27.8,13552,48776
"경상북도",울릉군,24.5,2337,9521,24.8,2346,9457,25.1,2347,9348,25.4,2354,9269,25.4,2352,9243,25.5,2358,9239,25.6,2364,9250,25.7,2371,9211
"경상남도",소계,16.4,551246,3361344,16.5,554604,3358828,16.7,559251,3355341,16.8,561847,3353380,16.8,564392,3351347,16.9,566268,3349454,17.0,568220,3347637,17.1,570572,3345169
"경상남도",진주시,16.2,56205,347489,16.3,56526,347417,16.4,57027,347546,16.5,57347,347578,16.6,57527,347519,16.6,57704,347462,16.7,57900,347317,16.7,58096,347262
"경상남도",통영시,18.3,24027,131089,18.5,24151,130735,18.7,24366,130450,18.8,24470,130221,18.9,24549,129997,19.0,24633,129711,19.1,24739,129558,19.2,24825,129226
"경상남도",사천시,21.1,23560,111845,21.2,23640,111666,21.4,23813,111517,21.4,23882,111365,21.6,23989,111268,21.6,24055,111184,21.7,24155,111401,21.8,24257,111440
"경상남도",김해시,10.7,57951,542713,10.7,58321,542787,10.9,58891,542678,10.9,59201,542929,11.0,59566,543072,11.0,59814,542842,11.1,60082,542655,11.1,60360,542538
"경상남도",밀양시,27.2,28656,105459,27.3,28804,105457,27.6,29022,105309,27.7,29139,105201,27.8,29246,105139,27.9,29345,105133,28.0,29427,105099,28.1,29524,105026
"경상남도",거제시,10.1,25087,248130,10.2,25314,247574,10.3,25566,247487,10.4,25707,247427,10.5,25822,247096,10.5,25929,246878,10.6,26065,246660,10.6,26220,246402
"경상남도",양산시,12.8,45017,351168,12.9,45421,351457,13.1,45916,351496,13.2,46214,351383,13.2,46517,351373,13.3,46809,351596,13.4,47012,351651,13.4,47283,351691
"경상남도",창원시,13.5,141192,1044579,13.6,142337,1043874,13.8,143853,1042260,13.9,144710,1041553,14.0,145552,1040773,14.1,146137,1040118,14.1,146850,1039595,14.2,147654,1038677
"경상남도",의령군,35.8,9708,27131,35.9,9735,27082,36.3,9802,27040,36.4,9830,26979,36.6,9852,26954,36.6,9862,26957,36.6,9853,26902,36.7,9879,26883
"경상남도",함안군,23.5,15416,65491,23.7,15497,65277,23.9,15584,65089,24.1,15653,64959,24.3,15724,64775,24.4,15780,64724,24.5,15829,64600,24.6,15890,64497
"경상남도",창녕군,29.7,18453,62182,29.8,18525,62161,30.0,18609,61934,30.2,18661,61889,30.3,18740,61873,30.4,18796,61825,30.5,18805,61646,30.6,18849,61590
"경상남도",고성군,29.9,15620,52204,30.2,15708,52058,30.4,15785,51946,30.5,15843,51918,30.7,15910,51876,30.7,15910,51811,30.8,15944,51737,30.9,15978,51630
"경상남도",남해군,36.8,16005,43539,36.9,16052,43479,37.2,16128,43351,37.3,16140,43223,37.5,16180,43149,37.5,16161,43102,37.6,16188,43021,37.7,16215,42980
"경상남도",하동군,32.6,15122,46331,32.9,15177,46146,33.2,15258,45934,33.4,15280,45753,33.6,15321,45628,33.7,15339,45454,33.8,15359,45412,34.0,15390,45257
"경상남도",산청군,35.3,12468,35336,35.4,12495,35277,35.6,12561,35265,35.8,12609,35223,36.0,12643,35152,36.1,12672,35140,36.1,12685,35097,36.3,12729,35071
"경상남도",함양군,32.5,12846,39555,32.7,12898,39499,32.9,12957,39404,33.0,12989,39377,33.1,13022,39353,33.2,13044,39321,33.2,13054,39274,33.4,13109,39236
"경상남도",거창군,26.8,16657,62049,27.0,16739,61972,27.2,16816,61822,27.3,16849,61700,27.3,16879,61729,27.4,16908,61681,27.5,16916,61578,27.6,16943,61468
"경상남도",합천군,38.3,17256,45054,38.4,17264,44910,38.6,17297,44813,38.8,17323,44702,38.9,17353,44621,39.0,17370,44515,39.1,17357,44434,39.2,17371,44295
"제주특별자치도",소계,15.0,100904,670749,15.1,101333,670876,15.2,102153,670508,15.3,102539,670595,15.4,103007,670793,15.4,103485,671316,15.5,103911,671913,15.5,104389,672524
"제주특별자치도",제주시,13.7,67058,489202,13.8,67391,489456,13.9,67965,489271,13.9,68216,489466,14.0,68551,489734,14.0,68877,490254,14.1,69171,490772,14.1,69477,491184
"제주특별자치도",서귀포시,18.6,33846,181547,18.7,33942,181420,18.9,34188,181237,18.9,34323,181129,19.0,34456,181059,19.1,34608,181062,19.2,34740,181141,19.3,34912,181340
