,address,lat,long
0,서울 강남구 삼성동(삼성2동) 8 강남구보건소,,
1,서울 강남구 일원로81 삼성서울병원,37.4882978,127.0851508
2,서울 강남구 언주로211 강남세브란스병원,37.4929296,127.0462683
3,서울 강동구 성내동 541-2,37.5292357,127.1255619
4,서울 강동구 진황도로 61길 53,37.530634,127.1481606
5,서울시 강동구 동남로 892,37.5534484,127.1573794
6,서울시 강동구 성안로 150,37.5359971,127.135378
7,서울 강북구 번제2동 232 강북보건소 ,37.6322165,127.0388319
8,서울 강서구 염창동 275-12 강서보건소,37.549658,126.8683438
9,서울 강서구 공항대로 260,37.5572629,126.8362668
10,서울 관악구 청룡동 1570-1 ,37.4782697,126.9515261
11,서울특별시 관악구 남부순환로 1636,37.4841536,126.9325692
12,서울특별시 광진구 자양로 117 (자양동),37.538617,127.082375
13,서울특별시 광진구 아차산로24길 17 ,37.5402069,127.0650883
14,서울특별시 광진구 능동로 120-1,37.5403764,127.0718276
15,"서울 구로구 구로동(구로제5동) 109-4 구로5동 주민센터, 구로구보건소",,
16,구로동로 148,37.492052,126.8848701
17,경인로 427,37.4996715,126.8664159
18,서울 금천구 시흥제1동 1020 금천구보건소 ,37.4568182,126.8954093
19,서울특별시 금천구 시흥대로 244,37.4556869,126.9005836
20,"서울 노원구 상계6.7동 노원구보건소, 701-1",,
21,서울 노원구 한글비석로 68,37.6364794,127.0699355
22,서울 노원구 동일로 1342,37.6485282,127.0631233
23,서울 도봉구 쌍문동 565,37.6579921,127.0388084
24,서울 동대문구 용두동 39-9 ,37.5744293,127.039763
25,서울 동대문구 망우로 82,37.5879909,127.0653066
26,서울 동대문구 무학로 124 ,37.5753681,127.031341
27,서울 동대문구 왕산로 259,37.5843076,127.0497296
28,서울 동대문구 경희대로 23,37.5941195,127.051852
29,서울 동작구 상도2동 176-3,37.504415,126.9411223
30,동작구 보라매로5길 20,37.4934414,126.9239058
31,서울 마포구 성산동 370,37.5662611,126.9019455
32,서울 서대문구 연희동  연희로242 (연희동 165-2),,
33,연세로 50-1,37.5623446,126.9408265
34,서울 중구 신당동 50-5 중구보건소  ,37.5629582,127.0180375
35,서울 중구 마른내로 9 백병원,37.56511,126.9888709
36,서울 서초구 서초동(서초2동) 1376-3 서초구청 보건소,,
37,서울시 서초구 반포대로 222,37.5009444,127.0051154
38,서울특별시 서초구 헌릉로 260,37.4557936,127.0689282
39,서울 성동구 홍익동 (왕십리도선동) 16-15 성동구보건소 ,,
40,서울특별시 성동구 왕십리로 222-1 (사근동),37.5596569,127.0441339
41,서울특별시 성동구 광나루로 323 송정빌딩 2층,37.5484242,127.0656645
42,서울 성북구 월곡제2동 46-1 성북구보건소 ,37.6027107,127.0395445
43,고려대로73(안암동 5가),37.5870165,127.0263537
44,"서울 송파구 신천동 29-5 송파구청, 보건소 ",37.5146185,127.1061041
45,올림픽로43길 88,37.5265762,127.107935
46,송이로 123,37.4963836,127.123509
47,서울 양천구 신정동(신정6동) 321-5 양천보건소,,
48,서울 양천구 안양천로 1071 ,37.5362859,126.8862379
49,양천구 신정이펜1로 20,37.5120195,126.8331531
50,서울 양천구 목동로 225 ,37.5284838,126.8636551
51,서울 영등포구 당산동3가(당산제1동) 385-1 영등포구청 영등포구보건소,,
52,서울특별시 영등포구 신길로 1,37.4937262,126.9086527
53,서울특별시 영등포구 여의대방로 53길22,37.5120274,126.9225003
54,서울특별시 영등포구도림로 156,37.4938833,126.8992778
55,서울특별시 영등포구 63로 10,37.5183253,126.9367517
56,서울 용산구 이태원동 34-87,37.5325699,126.9901764
57,용산구 대사관로 59(한남동),37.533804,127.0042579
58,서울 은평구 녹번동 84 은평구종합청사 은평구보건소,37.6026927,126.9288796
59,은평구 통일로1021,37.6334945,126.9161912
60,은평구 갈현로7길 49,37.60421,126.9044499
61,은평구 백련산로 90,37.594014,126.923851
62,서울 은평구 통일로 873,37.6208615,126.9197006
63,서울 종로구 옥인동(청운효자동) 45-30 종로구보건소,,
64,서울시 종로구 평동 108,37.5682745,126.9667465
65,서울시 종로구 평동 164,37.5673916,126.9669846
66,서울 중랑구 신내2동 662 중랑구청 ,37.6066267,127.0929146
67,중랑구 신내로 156,37.6132762,127.0978309
68,부산 강서구 대저2동 1932-1 강서브라이트센터 보건소,35.1802068,128.9572159
69,녹산산단321로 24-8,35.0905709,128.8533297
70,부산광역시 금정구 부곡3동 78,35.2428599,129.0923711
71,부산광역시 금정구 서동로 162(서동),35.21456,129.104025
72,부산광역시 기장군 기장읍 기장대로 560,35.244498,129.222312
73,부산광역시 기장군 장안읍 좌동길 40,35.3214002,129.2435492
74,부산광역시 기장군 기장읍 대청로72번길 6,35.2359827,129.2164239
75,부산 동래구 명륜2동 702-54번지 ,35.2172801,129.08459
76,동래구 충렬대로187,35.2042463,129.0802016
77,부산 남구 대연6동 1268-3 ,35.1359912,129.0849594
78,부산시 남구 용호로 232번길 25-14,35.1104571,129.109125
79,부산 동구 수정동(수정제2동) 806-74 동구청 보건소,,
80,부산광역시 동구 범일로 119(범일동),35.140867,129.0590772
81,부산광역시 동구 중앙대로 401(좌천동),35.1310012,129.0501832
82,부산 북구 금곡대로 348 ,35.2393031,129.0147663
83,부산 북구 만덕대로 59,35.2119276,129.0112115
84,부산 북구 낙동대로 1786(구포동) ,35.2097132,129.0047235
85,부산 서구 부용동2가(부민동) 86 서구보건소 부민노인복지관,,
86,대신공원로 26,35.12019,129.017425
87,감천로 262,35.0809636,129.0139595
88,대티로 170,35.112774,129.011113
89,부산 중구 대청동1가 중구청 중구로 120,,
90,중구로 121,35.1076838,129.0324148
91,부산 부산진구 범천동(범천제1동) 849-10 부산진보건소,,
92,복지로 75,37.4461052,126.7904261
93,가야대로 721,35.157851,129.0498801
94,양정로 62,37.6178698,127.1858517
95,중앙대로 605,35.1469602,129.0583786
96,부산 사상구 감전동 138-8,35.152353,128.9913088
97,부산 사상구 가야대로 326,35.1505,129.0081663
98,부산 사상구 백양대로 420 (주례동),35.1533821,129.006575
99,부산 사하구 신평2동 647-5,35.0943464,128.9594376
100,부산 수영구 광안1동 661-1번지,35.1625782,129.1135645
101,부산 수영구 수영로 493,35.1500632,129.1106162
102,부산 수영구 수영로 615,35.16088,129.1131037
103,부산 연제구 연산2동 연제로 2(연산2동 1555),,
104,부산광역시 영도구 청학2동 48-3 영도구청,35.09124,129.0679639
105,부산시 영도구 태종로 85,35.0922416,129.0405236
106,부산시 영도구 태종로 133(봉래동 3가),35.0919442,129.043866
107,부산 해운대구 좌2동 1339,35.1639512,129.1789057
108,해운대로875,35.173443,129.182013
109,해운대로584,35.1614208,129.1556545
110,대구 달서구 월성동(월성2동) 281 달서구보건소,,
111,대구 달서구 달구벌대로 1035,35.8538856,128.4801315
112,대구 달서구 월배로 446,35.833148,128.5541817
113,대구 달서구 감삼북길 141,35.8506236,128.5414437
114,대구 달서구 구마로 220,35.836849,128.551688
115,대구 달성군 현풍읍 하리 253-2 ,35.6920331,128.4462123
116,대구 남구 대명2동 2003번지(영선길 34),35.8539091,128.591531
117,대구 남구 현충로 170,35.848107,128.58205
118,대구 남구 두류공원로17길 33,35.8436078,128.5679969
119,대구 남구 대명로 153,35.8395584,128.5744911
120,대구 동구 검사동(동촌동) 1005-8 동구보건소,,
121,대구광역시 동구 아양로 99,35.8842611,128.6244071
122,대구광역시 북구 침산3동 521-2 (침산동 북구보건소),35.8918337,128.5888935
123,대구 북구 칠곡중앙대로 440,35.9348896,128.549289
124,대구 서구 평리3동 1230-9(국채보상로257),35.8718309,128.5591748
125,대구 중구 태평로3가(성내3동) 174-1 중구보건소,,
126,대구 수성구 중동 266-5(수성로213) ,35.844684,128.6122139
127,인천 강화군 강화읍 남산리 324-1 강화군보건소,37.737236,126.4850361
128,충렬사로 31,37.7360483,126.4859916
129,인천 계양구 계산동 1079-1 ,37.5371464,126.7377733
130,계양구 장재로 722,,
131,계양구 계양문화로 20,37.5324735,126.7368717
132,인천 남동구 만수동(만수6동) 1008 남동구청 남동구보건소 남동구보건소,,
133,인천광역시 부평구 부평4동 442-1번지,37.498871,126.7241708
134,인천광역시 부평구 부평대로 175,37.5067418,126.7199353
135,인천광역시 부평구 동수로 56,37.4841322,126.7252071
136,인천광역시 부평구 무네미로 446,37.475973,126.7540178
137,인천 연수구 청학동  465-2(함박뫼로 13호),37.4190621,126.6711455
138,"인천광역시 연수구 먼우금로 98 (동춘동, 나사렛국제병원)",37.407958,126.6704928
139,"인천광역시 연수구 원인재로 263 (연수동, 인천적십자병원)",37.4184291,126.6899396
140,인천광역시 미추홀구 매소홀로120,37.4465705,126.6367454
141,인천광역시 백령로 233,37.968009,124.7210341
142,인천 미추홀구 도화동(도화1동) 357-1 미추홀구보건소,,
143,미추홀대로 726,37.462204,126.6807094
144,독배로503,37.461611,126.6430071
145,"인천 동구 만석동 18-3 인천광역시동구보건소, 1동 ",37.4830023,126.6258124
146,인천 동구 샛골로214,37.4817037,126.6458376
147,인천 서구 심곡동(연희동) 246-1 서구보건소 39,,
148,서구 심곡로100번길 23,37.5423431,126.6835685
149,서구 청마로19번길 5,37.5926244,126.6707157
150,서구 원적로 23,37.489059,126.6797833
151,서구 신석로 70,37.509774,126.669941
152,서구 완정로 199,37.6027927,126.6543363
153,인천 중구 전동 2-1,37.4770826,126.6289736
154,인천 중구 답동로 30번길 10,37.4711776,126.6320699
155,인천 중구 운남서로 100-1,37.493633,126.5309955
156,광주광역시 광산구 광산로29번길 15(송정동),35.139524,126.793688
157,광주광역시 광산구 첨단중앙로 170번길 59,35.2211088,126.8453041
158,광산구 왕버들로220,35.1979238,126.8331484
159,광주광역시 남구 봉선로 1,35.1330039,126.902402
160,광주광역시 남구 양림로 37,35.136665,126.911875
161,광주 동구 서석동 31번지 ,35.1458914,126.9230495
162,광주 북구 중흥2동 359번지,35.1733485,126.9121035
163,광주 북구 양일로 309,35.2028543,126.8976135
164,광주 서구 농성동(농성1동) 299 서구보건소,,
165,금화로 59번길 6 (금호동),35.1325949,126.8557303
166,대전 대덕구 석봉로 38번길 55,36.4448434,127.4265344
167,대덕구 계족로 637,36.3683976,127.4285488
168,대덕구 대청로 82번길 147,36.4473943,127.4395922
169,대전광역시 동구 가오동 425,36.3118769,127.4548282
170,대전광역시 동구 동서대로 1672 ,36.3482369,127.4358
171,대전 서구 만년동 340번지,36.36709,127.3809773
172,대전 서구 둔산서로 95,36.3552891,127.3819903
173,대전 서구 관저동로 158,36.306642,127.342613
174,대전 중구 문화2동 785 중구보건소 ,36.3081337,127.3952727
175,대전광역시 중구 대흥로 64 가톨릭대학교대전성모병원,36.323042,127.420163
176,대전광역시 중구 목중로 29 대전선병원,36.3360669,127.4104139
177,대전 유성구 장대동(온천2동) 282-15 유성구보건소 유성구보건소,,
178,북유성대로93,36.3751715,127.3249507
179,울산광역시 남구 삼산동 1538-4번지 울산남구보건소 (삼산동),35.5452246,129.3364449
180,울산 남구 문수로 480번길 10,35.5315232,129.3052035
181,울산 남구 월평로 171번길 13,35.5462649,129.3231103
182,울산 남구 북부순환도로 51,35.5528955,129.2688243
183,울산 동구 화정동 222,35.5054595,129.4171252
184,울산 북구 연암동(효문동) 1082 보건소,,
185,울산광역시 북구 산업로 1007,35.5828446,129.3590343
186,울산 중구 남외동  603-2,35.5693214,129.3504886
187,울산광역시 중구 태화로 239,35.553448,129.3020785
188,울산 울주군 삼남면 교동리 1605-1 울주군보건소,35.5583115,129.113882
189,울주군 삼남면 중평로 53,35.5600045,129.1207349
190,울주군 삼남면 신화리467,35.551286,129.1379478
191,경기 가평군 가평읍 읍내3리 624-1 ,,
192,경기도 가평군 설악면 미사리로 267-117 ,37.6870271,127.5250987
193,경기 고양시 덕양구 주교동 603 덕양구보건소,37.6578142,126.831079
194,경기 과천시 중앙동 과천시청 관문로 69 (중앙동),,
195,경기 광명시 하안1동 230-1 오리로613,37.4564652,126.8787588
196,경기도 광명시 디지털로 36,37.4736659,126.8713502
197,경기 광주시 경안동 115,37.4164556,127.2503368
198,광주대로 45,37.4109444,127.2602408
199,경기 구리시 인창동 674-3,37.6048439,127.1451316
200,경기도 구리시 경춘로 153,37.6012985,127.1324273
201,경기 군포시 부곡동 770-1 (군포로221),37.333007,126.9256583
202,경기도 군포시 산본로 321,37.3594127,126.9336147
203,경기도 군포시 군포로 591,37.358672,126.9473164
204,경기도 용인시 기흥구 신갈동 60-3,37.2725965,127.1067453
205,경기도 용인시 기흥구 용구대로 411,,
206,용인시 기흥구 동백죽전대로363,37.2707922,127.1482641
207,경기 김포시 사우동 김포보건소 ,,
208,경기도 김포시 감암로 11,37.6323325,126.7107331
209,경기도 김포시 김포한강3로 283,37.6409296,126.6602289
210,김포시 김포대로 681 ,37.6112181,126.7347225
211,경기 남양주시 다산동(다산2동) 3159-7 남양주시청제2청사 1~2층,,
212,경기 남양주시 화도읍 비룡로59,37.6579185,127.3006163
213,경기 동두천시 생연2동 714-9 동두천시보건소 ,37.8966203,127.0519111
214,경기 안양시 만안구 안양동(안양6동) 532-1,,
215,경기도 안양시 만안구 삼덕로 9,37.3935234,126.924394
216,경기 성남시 분당구 야탑동(야탑1동) 349 분당보건소,,
217,경기도 성남시 분당구 야탑로 59(야탑동),37.4102384,127.1254535
218,경기도 성남시 분당구서현로180번길20(서현동),37.3882035,127.1217783
219,경기 성남시 수정구 신흥동 3435 수정구보건소 218,37.4443564,127.1440855
220,성남시 수정구 수정로 171번길 10,37.4450622,127.1391
221,수정구 수정로 76,37.4398589,127.1290046
222,경기도 수원시 권선구 탑동 910,37.2584248,126.971241
223,경기 시흥시 대야동 484-3 (호현로55),37.4454933,126.785352
224,시흥시 옥구천서로 337,37.3529459,126.7245975
225,시흥시 복지로 57,37.4445152,126.7894932
226,시흥시 공단1대로 237,37.3369084,126.7281267
227,시흥시 정왕대로233번길 19,37.3466661,126.7401008
228,경기 안산시 단원구 초지동 666-8 안산시 단원보건소,37.3208689,126.8152042
229,경기도 안산시 단원구 적금로 123,37.3185144,126.8249033
230,경기 안산시 상록구 사1동  1584,,
231,안산시 상록구 상록구 구룡로 87,,
232,경기 안성시 도기동  67-21,37.0001785,127.2699595
233,경기도 안성시 남파로 95(당왕동),37.0173531,127.2603668
234,안성시 시장길 58(서인동),37.0062179,127.2709213
235,경기 안양시 동안구 비산동 1111번지,37.3925246,126.9514535
236,안양시 동안구 관평로 170번길11,37.3925598,126.9613075
237,"경기 양주시 남방동(양주1동) 1-1 양주시보건소,양주시의회,양주시청 양주시보건소",,
238,경기 양평군 양평읍 양근리 마유산로 17번지,,
239,경기도 양평군 양평읍 중앙로 129,37.4938653,127.5035413
240,경기 여주시 상동 358-3 여주시보건소,37.2942077,127.6397171
241,경기도 여주시 청심로 39,37.301484,127.6253003
242,경기도 오산시 오산동 25,37.1594832,127.0778204
243,오산시 밀머리로1번길 16,37.1413334,127.075277
244,경기 부천시 중동(중2동) 1119 부천시보건소,,
245,경기도 부천시 조마루로 17,37.5024409,126.7452415
246,경기도 부천시 소사로 327,37.4871165,126.7924167
247,경기도 부천시 호현로 489번길 28,37.4810179,126.791225
248,경기 의왕시 오봉로 34,37.343747,126.9720917
249,의왕시 오전천로 29,37.3502814,126.9767992
250,경기 의정부시 범골로131 의정부시보건소 ,37.7361922,127.039587
251,의정부시 흥선로 142,37.741161,127.0425004
252,의정부시 천보로 271,37.7587045,127.0777625
253,경기도 의정부시 평화로 650,37.749733,127.0451394
254,경기도 의정부시 금신로  322,37.7453263,127.0622375
255,경기 이천시 증포동 152-2,37.2888735,127.4523023
256,경기도 이천시 경충대로 2742,37.2827618,127.4325729
257,경기 고양시 일산서구 일산동 일중로 54,,
258,경기 고양시 일산서구 주화로 170,37.6743138,126.7504331
259,경기 수원시 장안구 조원동 888번지,37.3037631,127.0100775
260,수원시 장안구 수성로245번길 69,37.2918917,126.9963375
261,경기 성남시 중원구 상대원1동 269-10,37.4419719,127.17061
262,중원구 산성대로 476번길 12,37.4528497,127.1619932
263,경기 용인시 처인구 삼가동 556,37.2408501,127.1775091
264,처인구 백옥대로 1082번길 18,37.2314883,127.2114648
265,경기도 용인시 처인구 고림로 81 ,37.2403912,127.2145364
266,경기 파주시 금촌동(금촌1동) 953-1 파주시보건소 ,,
267,경기도 파주시 중앙로 207,37.7550649,126.7801503
268,경기도 파주시 시청로 6,37.7579969,126.7748346
269,경기 수원시 팔달구 교동 56-1번지,37.2714521,127.0124162
270,경기도 수원시 팔달구 중부대로 93 (지동),37.2779855,127.0274271
271,경기도 수원시 팔달구 중부대로 165 (우만동),37.2781302,127.0344741
272,경기 평택시 비전동 850(평택5로 56),36.9908091,127.1118297
273,경기도 평택시 중앙로 338,36.9906277,127.1204114
274,경기도 평택시 평택2로20번길 3 ,36.9930388,127.0890776
275,경기도 평택시 평택로 284,37.0084078,127.0743384
276,경기 포천시 신읍동 164-3 (포천시보건소),37.9007297,127.2012341
277,경기도 포천시 포천로 1648,37.9033163,127.19828
278,경기도 포천시 소흘읍 호국로 567,37.8233306,127.1387637
279,경기도 하남시 신장2동 520,37.5391098,127.2146988
280,경기 화성시 동탄산단7길 60,37.1768036,127.0864232
281,경기 화성시 화산북로 21 ,37.2101716,127.0079849
282,경기 화성시 향남읍 발안로 5,37.1312957,126.9108361
283,경기 화성시 큰재봉길 7,37.2166284,127.0801288
284,경기도 화성시 남양읍 시청로160번길 46-13,37.1992313,126.8257097
285,경기 수원시 영통구 영통동 영통로 396,,
286,수원시 영통구 월드컵로164,37.2793927,127.0476764
287,경기 평택시 서정동 산 12(서정로 295),37.0662216,127.0660424
288,평택시 송탄로 33,37.048256,127.057003
289,경기 고양시 일산동구 마두동 1010번지,37.6563957,126.7759249
290,일산동구 일산로100,37.6454754,126.7930401
291,고양시 일산동구 동국로 27(식사동),37.6763969,126.8064233
292,경기도 고양시 일산동구 고양대로760,37.6819744,126.7800452
293,경기도 용인시 수지구 풍덕천1동 720번지,37.3221686,127.0974688
294,"경기 남양주시 진접읍 금곡리 1085, 풍양보건소",37.7113939,127.1889163
295,경기도 남양주시 오남읍 양지로 47-55 ,37.6823474,127.2043933
296,경기도 남양주시 진접읍 봉현로 21 ,37.7154268,127.179882
297,경기 연천군 전곡읍 은대리 577-36,38.02333,127.0607273
298,"강원 강릉시 내곡동 413 강릉시보건소, 가동 강릉시보건소",37.7427669,128.8828259
299,방동길 38,37.8184325,128.8578411
300,강릉대로419번길 42,37.77435,128.90735
301,옥가로 30,37.7590068,128.8998047
302,"강원 고성군 간성읍 신안리 178 보건소, 가동 ",38.3774811,128.4721366
303,강원 동해시 천곡동 840 보건소 동해시보건소,37.5228115,129.1170347
304,동해시 하평로 26,37.5299417,129.1074625
305,동해시 하평로 11,37.5321225,129.106078
306,강원 삼척시 남양동 347-4,37.4437542,129.1723586
307,강원도 삼척시 오십천로 418,37.4403018,129.1638017
308,강원 속초시 교동 980(수복로 36),38.1961315,128.5759575
309,속초시 영랑호반길 3,38.2164607,128.5892485
310,속초시 중앙로 11 ,38.1980014,128.5783901
311,강원 양구군 양구읍 하리 34-5 양구군보건소,38.1099353,127.9900245
312,강원 양구군 양구읍 중심로 160 ,38.1046882,127.9911515
313,강원 양양군 양양읍 연창리 203-5 양양군보건소 양양군보건소,38.077839,128.627463
314,강원 영월군 영월읍 하송리 246 영월군 보건소 ,37.184193,128.4633772
315,강원 영월군 영월읍 중앙1로 59 영월의료원,37.1864525,128.4652388
316,강원 원주시 일산동 211,37.3515711,127.9468039
317,강원 원주시 일산로 20,37.3490013,127.9456639
318,강원 원주시 서원대로 387,37.332608,127.949225
319,강원 인제군 인제읍 남북리 789-1 ,38.0633988,128.1687419
320,강원 정선군 정선읍 녹송로 33,37.3800927,128.671486
321,강원도 정선군 정선읍 봉양1길 146,37.3830727,128.6587349
322,강원 철원군 갈말읍 군탄리 960-2,38.1482623,127.3029437
323,강원도 철원군 갈말읍 명성로 208,38.1504492,127.3079502
324,강원 춘천시 중앙로3가 67,37.8756162,127.7205333
325,강원도 춘천시 삭주로 77,37.8840791,127.7399592
326,강원 태백시 황지동 20-8,37.1765254,128.9924663
327,강원도 태백시 보드미길8,37.1040964,129.0043366
328,강원 홍천군 홍천읍 희망리 350 홍천군보건소,37.6900979,127.8768175
329,홍천군 산림공원 1길 17,37.6908303,127.8948538
330,강원 횡성군 횡성읍 읍하리 598 횡성보건소,37.4871949,127.9843852
331,강원도 횡성군 횡성읍 횡성로275,37.4784679,127.9799525
332,강원 평창군 평창읍 하리 233 평창군보건의료원,37.3690325,128.3907148
333,강원 화천군 화천읍 중리 242-4 ,38.107602,127.7091441
334,충북 괴산군 괴산읍 동부리 641 괴산군보건소,36.8079551,127.7963864
335,충북 괴산군 괴산읍 임꺽정로 116,36.8156252,127.7841803
336,충북 단양군 단양읍 상진리 84 단양군 보건소,36.9814764,128.3503288
337,충북 단양군 단양읍 별곡6길 10,36.9871156,128.3687759
338,충북 보은군 보은읍 삼산리 170-2,36.4866021,127.7161941
339,충북 보은군 보은읍 보은로 102,36.483269,127.7182031
340,충북 영동군 영동읍 매천리 444-1,36.1685541,127.7760688
341,충북 영동군 영동읍 대학로 106,36.1854437,127.7811202
342,충북 옥천군 옥천읍 삼양리 161-45 관공서(옥천군보건소) ,36.3042257,127.5701427
343,충북 옥천군 옥천읍 성왕로 1195,36.3133286,127.5720099
344,충북 음성군 음성읍 읍내리 406-4,36.9285339,127.6888304
345,음성군 금왕읍 음성로1230번길 10   ,36.9980558,127.5981525
346,충청북도 제천시 청전동 110,37.1489446,128.2158722
347,충청북도 제천시 숭문로 57,37.1387413,128.2064499
348,충북 제천시 내토로 991,37.1634606,128.2339398
349,충북 증평군 증평읍 내성리 57-2 증평군보건소,36.7743795,127.5866163
350,충북 진천군 진천읍 벽암리 570 진천군보건소 본관,36.8605604,127.4395344
351,진천읍 중앙북로 36,36.8584572,127.4405211
352,충북 청원군 남일면 효촌리 92-2,36.5897552,127.5051229
353,충청북도 청주시 상당구 단재로 106,36.6198446,127.4962643
354,충청북도 청주시 상당구 쇠내로 16,36.6243224,127.4956195
355,충북 청주시 흥덕구 비하동(강서제1동) 792 흥덕구 보건소 흥덕보건소,,
356,충북 청주시 흥덕구 2순환로 1262,36.6235392,127.4309913
357,충청북도 흥덕구 오송읍 오송생명1로 191,36.6364294,127.3216409
358,충북 청주시 서원구 사직동(사직1동) 888 서원구청 지하1층 서원보건소,,
359,충북 청주시 서원구 흥덕로 48,36.6400684,127.4730091
360,충북 충주시 문화동 1655 충주시 건강복지타운 충주시 보건소,36.9712506,127.9280275
361,충북 충주시 국원대로82,36.9793167,127.9290736
362,충북 충주시 안림로239-50,36.9793142,127.9704037
363,충청북도 청주시 청원구 오창읍 각리 639-1,36.7101019,127.4311354
364,청주시 청원구 주성로173-19,36.673536,127.4856059
365,충남 계룡시 금암동 10-5 계룡시보건소,36.2731625,127.2501583
366,충남 공주시 교동 120 보건소,36.4572337,127.1207767
367,충남 공주시 무령로 77,36.458987,127.1094762
368,충남 금산군 금산읍 중도리 203-1  금산군보건소,36.1129822,127.4914829
369,충남 논산시 관촉동(취암동) 327-2,,
370,충남 논산시 시민로294번길 14,36.192193,127.0944739
371,충청남도 당진시 채운동 1040,36.887355,126.629879
372,당진시 반촌로 5-15,36.9044521,126.6843802
373,충남 보령시 남포면 봉덕리 39-1 ,36.3243009,126.6019613
374,보령시 죽성로 136,36.3811282,126.6228522
375,충청남도 부여군 부여읍 구아리 137-2,36.2829068,126.9096121
376,부여군 부여읍 계백로 200,36.2755745,126.9017016
377,부여군 부여읍 사비로 78,36.2796,126.910825
378,충남 서산시 예천동(석남동) 496-1 서산시보건소,,
379,충청남도 서산시 중앙로 149,36.7755835,126.4652578
380,충남 서천군 서천읍 군사리 799 서천군보건소,36.0822541,126.6896457
381,충남 서천군 서천읍 서천로 184,36.08452,126.6876024
382,충남 아산시 번영로224번길 20,36.7825669,127.0146097
383,충남 아산시 문화로 381 ,36.7792648,127.0198062
384,충남 아산시 시민로 388,36.7831143,127.0009756
385,세종  조치원읍 교리 129-1 세종특별자치시보건소 16,,
386,세종특별자치시 보듬7로20 세종충남대학교병원,36.5195133,127.2579427
387,충남 예산군 예산읍 예산리 777 예산군청 예산군보건소,36.6806764,126.8447741
388,충남 예산군 예산읍 금오대로 94,36.6910744,126.8379717
389,충청남도 천안시 서북구 다가말3길 8,36.7974023,127.1315016
390,충청남도 천안시 동남구 순천향6길 31,36.8027381,127.1358588
391,충청남도 천안시 동남구 충절로 537,36.7756271,127.1791797
392,충청남도 천안시 동남구 남부대로 350 (청당동,36.7809945,127.1557598
393,충남 천안시 동남구 문화동 112-14,36.8074887,127.1511697
394,충남 홍성군 홍성읍 문화로106,36.5966864,126.6630687
395,충남 홍성군 홍성읍 조양로 224,36.599349,126.674413
396,충남 청양군 청양읍 ,36.4535441,126.8066685
397,충남 태안군 태안읍 평천리 698-6,36.7521475,126.3228982
398,전북 고창군 고창읍 율계리 101(전봉준로 90),35.4436053,126.6832459
399,전북 고창군 고창읍 화신1길 9,35.4364278,126.6933531
400,전북 군산시 수송동 851-1,35.9646977,126.7202013
401,전라북도 군산시 의료원로27,35.9549526,126.7117407
402,전라북도 군산시 149,,
403,전북 김제시 요촌동 423-2,35.8007973,126.8832974
404,전북 남원시 조산동(금동) 455 남원시보건소,,
405,남원시 충정로 365 ,35.4318756,127.4073171
406,전북 부안군 부안읍 봉덕리 551-2,35.7229522,126.7357943
407,전북 부안군 부안읍 오정2길 24,35.7248858,126.7344047
408,전북 완주군 삼례읍 삼봉8로 10-10 완주군보건소 ,35.9218804,127.1219853
409,전북 익산시 신동 142-8 ,35.9609124,126.9665564
410,전북 익산시 무왕로 969,35.9616504,126.9665159
411,전북 전주시 완산구 중앙동4가 30-1(전라감영로 33),35.8153632,127.1427945
412,전주시 덕진구 견훤로 390,35.8459811,127.1533991
413,전주시 완산구 한두평3길 13,35.8152449,127.1248117
414,전주시 덕진구 동부대로 895,35.8654628,127.1479135
415,전주시 완산구 서원로 365 ,35.8143917,127.1332292
416,전북 정읍시 수성동 958-2,35.5779411,126.8545154
417,전북 정읍시 충정로 606-22 ,35.5888321,126.8234125
418,전북 진안군 진안읍 군상리 90-15 진안보건소 진안군보건소,35.797192,127.4347817
419,진안군 진안읍 진무로 1145,35.7953017,127.4320459
420,전북 무주군 무주읍 당산리 701 ,36.0056412,127.6717102
421,전북 순창군 순창읍 교성리 419-1,35.3669518,127.143662
422,전북 임실군 임실읍 이도리 270-8 임실군 보건의료원 (270-8번지),35.612664,127.2870245
423,전북 장수군 장수읍 장수리 425 장수보건의료원,35.6543194,127.5198396
424,전남 강진군 강진읍 목리 11,34.6361026,126.7810629
425,전남 강진군 강진읍 탐진로 5,34.6368113,126.7578654
426,전라남도 고흥군 고흥읍 등암리 1258-21번지,34.5924196,127.2686684
427,전남 고흥군 고흥읍 고흥로 1935,34.6210654,127.2939625
428,전남 고흥군 도양읍 차경구렁목길 215,34.5462583,127.1457
429,"전남 광양시 광양읍 칠성리 70 광양만권경제자유구역청, 광양시제2청사",34.9807071,127.5830551
430,전라남도 광양시 공영로 71,34.9361846,127.6969657
431,전남 나주시 이창동 740-1 ,34.9951953,126.7082684
432,전남 나주시 영산로 5419,35.0363159,126.7213975
433,전남 담양군 담양읍 만성리 135,35.3249349,126.9813498
434,담양군 담양읍 천변7길 19,35.3152982,126.9825737
435,전남 목포시 산정동 1676 ,34.8041801,126.3737698
436,전남 목포시 영산로 483,34.8092997,126.4164223
437,전남 목포시 백년대로 303,34.8045333,126.4206
438,전남 목포시 영산로 627,34.8212626,126.4217794
439,전남 목포시 이로로 18,34.8039839,126.4053627
440,전남 목포시 고하대로 795-2,34.8168192,126.3802331
441,전남 목포시 고하대로 724,34.8104274,126.375678
442,전남 무안군 무안읍 성동리 712-1,34.9905827,126.481383
443,전남 무안군 무안읍 몽탄로 65,34.9916302,126.4893985
444,전남 보성군 보성읍 보성리 827,34.7701111,127.0792474
445,전라남도 보성군 미력면 가평길 36-17,34.7758583,127.1045625
446,보성군 벌교읍 남하로 12,34.8338452,127.3456593
447,전남 순천시 석현동 36-1,34.9665463,127.4853742
448,전라남도 순천시 순광로 221,34.9647334,127.5437074
449,전라남도 순천시 서문성터길 2,34.9579098,127.4834682
450,전라남도 순천시 조례1길 24(조례동),34.9611351,127.5249267
451,전남 신안군 압해읍 신장리 462-10,34.8334161,126.3513787
452,전라남도 신안군 비금면 송치길 155-11,34.7222702,125.9326075
453,"전남 여수시 시청서4길 47(학동, 여수시보건소)",34.7593213,127.6604011
454,전남  여수시 무선로 95,34.7691121,127.6543239
455,"전남 여수시 좌수영로 49(광무동,전남병원)",34.7450673,127.728018
456,여수시 여천체육공원길 10,34.7612841,127.6749639
457,여수시 쌍봉로 70,34.7661014,127.6634937
458,전라남도 영광군 영광읍 남천리 326-5,35.2744958,126.5041571
459,전남 영광군 영광읍 와룡로 3,35.2844615,126.4989779
460,전남 영광군 영광읍 신남로 265,35.274938,126.510877
461,전남 영암군 영암읍 춘양리 525 영암군보건소 ,34.7950241,126.7040542
462,전남 장흥군 장흥읍 흥성로 49,34.6764798,126.9083724
463,장흥군 장흥읍 흥성로 92,34.6784071,126.9124802
464,전남 진도군 진도읍 남동리 776-26번지,34.4802745,126.2629043
465,전라남도 진도군 남문길 48,34.4824205,126.2640944
466,전남 함평군 함평읍 기각리 253,35.0621687,126.5242175
467,전남 함평군 함평읍 영수길 132,35.061925,126.519875
468,전라남도 해남군 해남읍 해리 186,34.5704451,126.6119355
469,전라남도 해남군 해남읍 해남로 45,34.5717972,126.6127915
470,전라남도 해남군 옥천면 해남로 597,34.5842521,126.6465633
471,전남 화순군 화순읍 삼천리 719번지,35.057365,126.9822307
472,전남 화순군 화순읍 서양로 322,35.0594333,127.0025
473,전남 화순군 화순읍 만연로 31,35.0584189,126.9898844
474,전라남도 곡성군 곡성읍 읍내리 220,35.2788475,127.2969829
475,전남 곡성군 곡성읍 곡성로 761,35.276282,127.2879457
476,전남 구례군 구례읍 동편제길 30,35.2162287,127.4614761
477,구례군 구례읍 동편제길 4,35.2159096,127.4639375
478,전남 완도군 완도읍 죽청리 483-8 완도보건의료원 본관,34.336262,126.7312787
479,완도군읍 청해진동로 63,,
480,전남 장성군 장성읍 영천리 1475-4,35.3045513,126.7824884
481,전남 장성군 장성읍 역전로 171,35.3058681,126.7835665
482,경상북도 경산시 중방동 708-5 (경산시보건소),35.8247747,128.7430653
483,경북 경산시 경안로 11,35.8086667,128.7401
484,경북 경산시 경안로 208,35.8263331,128.7371689
485,경북 경주시 동천동 987,35.8594408,129.224586
486,경북 고령군 대가야읍 지산리 232-8 고령군보건소,35.7251474,128.2649365
487,경북 고령군 대가야읍 중앙로33,35.7299781,128.2721571
488,경북 구미시 지산동 853-12 ,36.1399709,128.3459852
489,경상북도 구미시 1공단로 179,36.1029182,128.3827377
490,경상북도 구미시 신시로10길 12 ,36.1145325,128.3405414
491,경북 군위군 군위읍 군청로 70 군위군보건소 ,36.22966,128.5699046
492,경북 김천시 신음동 1284 ,36.1398727,128.1137757
493,경북 김천시 신음1길 12 ,36.1354003,128.1187923
494,경북 김천시 모암길 24 ,36.1227232,128.1264391
495,경북 문경시 점촌동(점촌1동) 232 문경시보건소,,
496,경북 문경시 당교3길 25,36.58444,128.189225
497,경북 문경시 중앙로 117-18 ,36.5959618,128.1990743
498,경북 봉화군 봉화읍 내성리 285 봉화군보건소,36.8906147,128.7419819
499,봉화군 보밑길3 봉화해성병원,36.8916343,128.7334719
500,경북 상주시 무양동 33-4,36.4164494,128.1501837
501,경북 상주시 상서문로 53,36.4146221,128.1555556
502,경북 상주시 냉림서성길,,
503,경북 구미시 선산읍 동부리 544-1 ,36.2442501,128.2999609
504,경상북도 성주군 성주읍 경산리 436-1,35.9171648,128.2788776
505,경북 안동시 북문동(중구동) 58 안동시보건소,,
506,경북 안동시 앙실로 11 (수상동),36.5467408,128.7010976
507,경북 안동시 서동문로 99 ,36.5672423,128.7228172
508,경상북도 안동시 태사2길 55,36.5682206,128.7321116
509,경북 영덕군 영덕읍 군청길 53,36.4136036,129.3734385
510,영덕읍  영덕로 1621,36.5236797,129.4023435
511,경상북도 영양군 영양읍 동부리 동서대로 82번지,,
512,경북 영주시 휴천동(휴천2동) 466-6 영주시보건소,,
513,영주시 대학로 327,36.8253505,128.603907
514,경북 영천시 문내동 152-1 ,35.9684794,128.9324152
515,영천시 오수1길 10,35.957285,128.913212
516,경북 예천군 예천읍 노상리 125-1 예천군보건소 보건소,36.6576395,128.4529762
517,예천읍 시장로 136,36.6574115,128.458942
518,경북 의성군 의성읍 도서리 104-1 ,36.3458296,128.6974981
519,의성군 의성읍 문소3길 96,36.3544615,128.6946958
520,화양읍 산성강변길 472,35.654342,128.7381579
521,경북 칠곡군 왜관읍 석전2리 262-1,,
522,경북 포항시 남구 인덕동(제철동) 161-1 남구보건소,,
523,경상북도 포항시 남구 대도동 94-8,36.0177085,129.3623017
524,경상북도 포항시 남구 대잠동길 17,36.0159003,129.3399527
525,경북 포항시 북구 장성동 1363,36.0706485,129.3804263
526,경북 포항시 북구 용흥로 36,36.0348814,129.3549409
527,경북 울릉군 울릉읍    울릉순환로 396-18,37.4858819,130.8995259
528,경북 울진군 울진읍 현내항길 71,36.9926961,129.4095737
529,경북 청송군 청송읍 금곡리 1056-54 청송보건의료원,36.430945,129.0526541
530,경북 청송군 진보면 양정길 110,36.5446666,129.0561685
531,경상남도 거제시 양정동 981,34.8919679,128.6367708
532,경남거제시 계룡로5길 14,34.8736095,128.6261659
533,경남거제시 두모길16,34.8719577,128.7220923
534,경남거제시 연초면 거제대로 4477,34.8977185,128.6436423
535,경남 거창군 거창읍 송정리 332-3 보건소,35.6809913,127.8987661
536,경남 거창군 거창읍 중앙로91 거창적십자병원,35.6867599,127.9087378
537,경남 고성군 고성읍 대독리 4 고성군보건소,34.9696033,128.3143107
538,경남 김해시 외동(내외동) 1261-3 김해시 보건소,,
539,경상남도 김해시 분성로 94-8 (외동),35.2307339,128.8570753
540,경상남도 김해시 장유로 167-13 (부곡동),35.2086652,128.8056169
541,경상남도 김해시 김해대로 1814-37 (삼계동),35.2623214,128.8615328
542,경남 남해군 남해읍 북변리 458-1,34.8440981,127.8989546
543,경상남도 남해군 남해읍 화전로 169,34.8464281,127.8942506
544,경남 창원시 마산합포구 해운동   61-1,35.182536,128.5631533
545,창원시 마산회원구 팔용로 158,35.2428774,128.5920245
546,창원시 마산합포구 3.15대로 231,35.1992371,128.5655967
547,창원시 마산합포구 3.15대로 76,35.1863148,128.5616013
548,경남 밀양시 삼문동 159-1 (삼문중앙로41),35.4856185,128.7561277
549,경남 밀양시 삼문중앙로 32,35.4846367,128.7556256
550,경남 사천시 용현면 덕곡리 사천시청 501번지,,
551,경남 사천시 남일로 33(동금동),34.9332698,128.0804186
552,경남 사천시 중앙로136,34.9375065,128.079592
553,경남 양산시 중부동 707-2(삽량로 169),35.3356421,129.0249528
554,신기로 28,37.2192268,127.2055867
555,금오로 20,35.3281501,129.0057274
556,서창로 59,35.4064091,129.1645729
557,경상남도 의령군 의령읍 서동리 534,35.3176464,128.2550147
558,경남 의령군 의령읍 의병로14길 10,35.3185917,128.25865
559,경남 진주시 초전동(초장동) 348-2  1층 진주시보건소,,
560,진주대로885,35.1794723,128.0902544
561,진주시 동진로2,35.1784916,128.0920865
562,진주시 남강로701,35.1918013,128.0882554
563,진주시 진양호로370,35.1853748,128.0693674
564,진주대로829,35.1744787,128.0929554
565,진주시 범골로 17,35.1669658,128.1286241
566,경남 창원시 진해구 풍호동 1 진해보건소,35.1329386,128.7103878
567,경남 창원시 진해구 해원로32번길 13,35.1549332,128.6981494
568,경상남도 창원시 진해구 중원동로 55-1,35.14965,128.6610389
569,경남 창녕군 창녕읍 교리 996-1 창녕군보건소,35.5437092,128.4904258
570,경남 창녕군 창녕읍 교리1길 2,35.5421488,128.493308
571,경남 창원시 의창구 신월동  창원보건소 96-2,,
572,창원시 성산구 삼정자로11,35.1990873,128.7078463
573,창원시 의창구 창이대로 45,35.237293,128.645913
574,창원시 성산구 원이대로 682번길 21,35.2212186,128.6865915
575,경남 통영시 무전동 401-1 통영시보건소,34.859901,128.4320273
576,경남 통영시 중앙로97,34.8423835,128.4198871
577,경남 하동군 하동읍 군청로 31 하동보건소,35.0671663,127.7527475
578,경상남도 하동군 하동읍 화심길 39,35.0830571,127.7385792
579,경상남도 함안군 가야읍 말산리 100번지,35.2755904,128.4103166
580,경남 함안군 칠원읍 용산2길 45-13,35.3089491,128.5156027
581,경남 함양군 함양읍 용평리 630-3 ,35.5195406,127.731701
582,함양군 함양읍 고운로 70,35.520467,127.729213
583,경남 합천군 합천읍 합천리 524-1,35.5678713,128.1568349
584,경상남도 산청군 산청읍 지리 중앙로97,,
585,제주 서귀포시 서홍동 447-3,33.253253,126.5552294
586,제주특별자치도 서귀포시 일주동로 8638,33.2544709,126.5654153
587,제주특별자치도 서귀포시 장수로 47 ,33.2555355,126.5639216
588,제주 서귀포시 대정읍 하모리 767-8 서부보건소,33.2186994,126.2533902
589,제주 제주시 도남동  567-1,33.491728,126.5202252
590,도령로 65,33.489961,126.4850403
591,연신로 52,33.4962868,126.5462386
592,서광로 193,33.500233,126.517062
593,월랑로 91,33.4923256,126.470529
594,제주시 구좌읍 김녕로14길 6,33.5543774,126.7512216
595,제주특별자치도 제주시 한림읍 한림리 966-1번지 (한림리),33.4123807,126.2694597
0,서울 강서구 공항대로 260,37.5572629,126.8362668
1,서울특별시 금천구 시흥대로 244,37.4556869,126.9005836
2,부산 강서구 대저2동 1932-1 강서브라이트센터 보건소,35.1802068,128.9572159
3,부산 북구 금곡대로 348 ,35.2393031,129.0147663
4,대티로 170,35.112774,129.011113
5,대구 남구 현충로 170,35.848107,128.58205
6,대구 수성구 중동 266-5(수성로213) ,35.844684,128.6122139
7,대전광역시 동구 동서대로 1672 ,36.3482369,127.4358
8,대전 유성구 장대동(온천2동) 282-15 유성구보건소 유성구보건소,,
9,경기 과천시 중앙동 과천시청 관문로 69 (중앙동),,
10,경기 안산시 단원구 초지동 666-8 안산시 단원보건소,37.3208689,126.8152042
11,경기 안성시 도기동  67-21,37.0001785,127.2699595
12,수원시 장안구 수성로245번길 69,37.2918917,126.9963375
13,경기 파주시 금촌동(금촌1동) 953-1 파주시보건소 ,,
14,경기도 평택시 중앙로 338,36.9906277,127.1204114
15,경기 화성시 동탄산단7길 60,37.1768036,127.0864232
16,평택시 송탄로 33,37.048256,127.057003
17,강원 영월군 영월읍 하송리 246 영월군 보건소 ,37.184193,128.4633772
18,강원 인제군 인제읍 남북리 789-1 ,38.0633988,128.1687419
19,충북 괴산군 괴산읍 동부리 641 괴산군보건소,36.8079551,127.7963864
20,충북 보은군 보은읍 삼산리 170-2,36.4866021,127.7161941
21,충북 진천군 진천읍 벽암리 570 진천군보건소 본관,36.8605604,127.4395344
22,충북 청원군 남일면 효촌리 92-2,36.5897552,127.5051229
23,충북 청주시 서원구 흥덕로 48,36.6400684,127.4730091
24,충북 충주시 문화동 1655 충주시 건강복지타운 충주시 보건소,36.9712506,127.9280275
25,충북 충주시 국원대로82,36.9793167,127.9290736
26,충남 공주시 교동 120 보건소,36.4572337,127.1207767
27,충남 보령시 남포면 봉덕리 39-1 ,36.3243009,126.6019613
28,"전남 광양시 광양읍 칠성리 70 광양만권경제자유구역청, 광양시제2청사",34.9807071,127.5830551
29,전남 담양군 담양읍 만성리 135,35.3249349,126.9813498
30,전남 무안군 무안읍 성동리 712-1,34.9905827,126.481383
31,전남 무안군 무안읍 몽탄로 65,34.9916302,126.4893985
32,"전남 여수시 시청서4길 47(학동, 여수시보건소)",34.7593213,127.6604011
33,전라남도 영광군 영광읍 남천리 326-5,35.2744958,126.5041571
34,전남 영암군 영암읍 춘양리 525 영암군보건소 ,34.7950241,126.7040542
35,전남 함평군 함평읍 기각리 253,35.0621687,126.5242175
36,전남 구례군 구례읍 동편제길 30,35.2162287,127.4614761
37,전남 장성군 장성읍 영천리 1475-4,35.3045513,126.7824884
38,경북 김천시 신음동 1284 ,36.1398727,128.1137757
39,경북 김천시 신음1길 12 ,36.1354003,128.1187923
40,경북 문경시 점촌동(점촌1동) 232 문경시보건소,,
41,경북 문경시 중앙로 117-18 ,36.5959618,128.1990743
42,경북 영덕군 영덕읍 군청길 53,36.4136036,129.3734385
43,경북 예천군 예천읍 노상리 125-1 예천군보건소 보건소,36.6576395,128.4529762
44,경남 김해시 외동(내외동) 1261-3 김해시 보건소,,
45,경남 진주시 초전동(초장동) 348-2  1층 진주시보건소,,
46,진주시 범골로 17,35.1669658,128.1286241
47,제주특별자치도 제주시 한림읍 한림리 966-1번지 (한림리),33.4123807,126.2694597
